ID;exp_condition;MergeSELECT;age;CL;Sum_Orie_Dia_Post;Sum_Orie_Dia_Prä;Sum_Orie_IE_Post;Sum_Orie_IE_Prä;DiffGlob2task;AverageLokal;IE_FragSent_post;DIA_FragSent_post;IE_FragSent_pre;DIA_FragSent_pre;feedback_item_01;erf_lehre;fachsemester;feedback_item_00;feedback_item_02;feedback_item_03;feedback_item_04;feedback_item_05;gender;hochschulsemester;praktikum;studiengang;submission_erklaerung_pre;submission_erklaerung_post;submission_diagnostik_pre;submission_diagnostik_post;user;vorw_forschung;wiss_schreiben;CL_234;AverageGlobal;CL_234_1
lMRLQb;1;1;20; ;2;1,5;,5;,5;,5;,281318681318681;,0769230769230769;,4;,0769230769230769;,571428571428571; ;2;2; ; ; ; ; ;0;2;0;Staatsexamen;5/13/2015;5/13/2015;5/20/2015;5/20/2015;lMRLQb;1;0; ;1,125;2,56034482758621
xNDmQu;1;1;20; ;3,5;2,5;2;1;1;,304212454212454;,102564102564103;,5;,114285714285714;,5; ;0;4; ; ; ; ; ;1;4;0;Staatsexamen;5/18/2015;5/18/2015;6/1/2015;6/1/2015;xNDmQu;1;0; ;2,25;2,56034482758621
ZfwqZz;2;1;23; ;2;2;1;1;0;,197727272727273;,3;,0909090909090909;,3;,1; ;0;8; ; ; ; ; ;1;10;1;Staatsexamen;5/17/2015;5/17/2015;6/1/2015;6/1/2015;ZfwqZz;2;0; ;1,5;2,56034482758621
nwnidL;1;1;25; ;3;3;2;2;0;,162698412698413;,142857142857143;,111111111111111;,285714285714286;,111111111111111; ;3;9; ; ; ; ; ;1;10;1;Staatsexamen;5/18/2015;5/18/2015;6/1/2015;6/1/2015;nwnidL;1;0; ;2,5;2,56034482758621
PiVOfb;2;1;19;1;2;2;,5;,5;0;,162337662337662;,181818181818182;,142857142857143;,181818181818182;,142857142857143;0;1;1;0;2;2;0;Das Feedback ist meiner Meinung nach nicht ausreichend, um eine Erklärung zu verbessern, da nicht auf Satzlänge, Wortwiderholungen eingegangen wird, sonder nur Verbindungen berücksichtigt werden.;1;2;0;Staatsexamen;5/15/2015;5/15/2015;5/25/2015;5/25/2015;PiVOfb;1;0;1;1,25;1
GpvAij;0;1;19;1,5;1,5;1,5;,5;,5;0;,188636363636364;,2;,0909090909090909;,363636363636364;,1;0;0;2;0;3;3;2;Da nur ein Satz im Feedback stand, wusste ich nicht ob das ein gutes oder schlechtes Zeichen ist. Mit der angegebenen Anzahl der Konzepte wusste ich nicht, ob sie genügen oder ob ich noch welche hinzufügen muss.;0;2;0;Staatsexamen;5/17/2015;5/17/2015;5/20/2015;5/20/2015;GpvAij;1;0;2;1;2
aZpWpF;0;1;19;,75;1,5;2,5;2;1,5;-1;,353846153846154;,333333333333333;,2;,615384615384615;,266666666666667;0;0;2;0;2;1;3; ;1;2;0;Staatsexamen;5/18/2015;5/18/2015;6/1/2015;6/1/2015;aZpWpF;1;1;1,5;1,875;1,5
pMLkII;0;1;20;1,25;1,5;1,5;1,5;1,5;0;,233333333333333;,3;,166666666666667;,3;,166666666666667;0;1;2;0;2;3;3; ;1;2;0;Staatsexamen;5/15/2015;5/18/2015;6/1/2015;6/1/2015;pMLkII;1;0;2;1,5;2
qKWzfn;2;1;20;,75;2;2;2,5;1,5;0;,273972518709361;,266666666666667;,157894736842105;,363636363636364;,307692307692308;0;1;2;0;1;2;1;Es dauert einige Zeit bis man die Grafik entsprechend versteht und sich um den Aussagengehalt informiert fühlt. Danach versucht man die genannten Kohärenzbrüchen zu vermeiden und überarbeitet seinen Text. Je doch ist nicht immer ganz klar, warum nicht auch mehrere nicht direkt zusammenhängenden Bereichen zwingend miteinander verbunden werden müssen.;1;2;0;Staatsexamen;5/14/2015;5/14/2015;5/26/2015;5/26/2015;qKWzfn;0;0;1;2;1
uMPOOJ;0;1;38;,5;2,5;2,5;2;2;0;,283653846153846;,125;,384615384615385;,125;,5;0;2;2;0;0;2;0;"Leider ist in dieser Maßnahme für jene, die 24 Konzepte und keine Kohärenzbrüche hatten und daher keine Veränderungen durchführen mussten keine wirklich hilfreiches Feadback wie ""Gratulation, Dein Text war gleich super, lass ihn, wie er ist!"" oder dergleichen vorhanden. Das würde ein Verfalschbessern bei ""Ungläubigen"" verhindern.";1;23;0;Staatsexamen;5/13/2015;5/13/2015;5/22/2015;5/22/2015;uMPOOJ;2;0;,5;2,25;,5
WADHLO;0;1;21;1;2;2;2;2;0;,293831168831169;,357142857142857;,272727272727273;,272727272727273;,272727272727273;0;1;2;0;1;3;3;Das Feedback war zu simpel beschrieben. Ein Beispiel wäre schön gewesen.;1;2;0;Staatsexamen;5/18/2015;5/18/2015;6/1/2015;6/1/2015;WADHLO;1;1;1,75;2;1,75
njGlvw;0;1;21;,5;1;1;1,5;1,5;0;,195454545454545;,2;,181818181818182;,2;,2;1;1;3;0;0;1;1; ;1;3;0;Staatsexamen;5/17/2015;5/17/2015;6/1/2015;6/1/2015;njGlvw;0;0;,5;1,25;,5
FlcomK;0;1;21;0;1,5;1,5;,5;,5;0;,235431235431235;,0769230769230769;,333333333333333;,0769230769230769;,454545454545455;0;2;4;0;0;0;2;"Mein Feedback lautete lediglich: ""Sie haben über 25 Konzepte geschrieben und einen kohärenten Text verfasst"". Die ""Überarbeitung"" viel mir dementsprechend leicht.";0;4;0;Staatsexamen;5/17/2015;5/17/2015;5/30/2015;5/30/2015;FlcomK;2;0;,5;1;,5
mdgbTa;0;1;24;1;2,5;2,5;1;1;0;,214285714285714;,142857142857143;,285714285714286;,142857142857143;,285714285714286;0;2;4;0;2;2;0;"Mir war nicht klar ob eine Verbesserung des Textes nötig ist, wenn als Feedback ""Sie haben einen kohärenten Text geschrieben"" angegeben wurde.";1;8;0;Staatsexamen;5/14/2015;5/14/2015;5/25/2015;5/25/2015;mdgbTa;1;0;1;1,75;1
PMliNZ;2;1;19;,75;2;2;1;,5;0;,249175824175824;,2;,0714285714285714;,571428571428571;,153846153846154;0;0;4;0;1;2;2;Das Feedback ist relativ leicht zu verstehen, da es graphisch dargestellt wurde.;1;4;0;Staatsexamen;5/18/2015;5/18/2015;6/1/2015;6/1/2015;PMliNZ;0;1;1,25;1,375;1,25
TvdZZK;0;1;20;1;2,5;2,5;1,5;1,5;0;,141016139657444;,173913043478261;,0909090909090909;,208333333333333;,0909090909090909;0;3;4;0;2;2;2; ;1;4;0;Staatsexamen;5/18/2015;5/18/2015;5/27/2015;5/27/2015;TvdZZK;1;1;1,5;2;1,5
UkkkfV;2;1;20;,5;1,5;1,5;2;2;0;,146184371184371;,1;,142857142857143;,111111111111111;,230769230769231;0;0;4;0;1;1;1; ;1;4;0;Staatsexamen;5/18/2015;5/18/2015;6/1/2015;6/1/2015;UkkkfV;1;1;,75;1,75;,75
bTvdYw;2;1;25;,25;1,5;1,5;1;1;0;,107295482295482;,142857142857143;,0769230769230769;,0555555555555556;,153846153846154;0;1;5;0;1;0;1;Eine Verbesserung des Feedbacks wäre möglich, wenn man mehrfach Feedback einholen könnte, um die Änderungen am Text zu überprüfen. So wäre es einfacher, die Sinnhaftigkeit der Verbesserung zu überprüfen.;0;8;0;Staatsexamen;5/14/2015;5/14/2015;6/1/2015;6/1/2015;bTvdYw;1;0;,5;1,25;,5
OYAqEc;0;1;25;1,5;2,5;2,5;1;1;0;,123917748917749;,0833333333333333;,0714285714285714;,0909090909090909;,25;0;2;5;0;3;3;2;Das Feedback beschränkte sich darauf mir mitzuteilen ich hätte einen kohärenten Text mit 32 Konzepten geschrieben. Mir war nicht klar, inwiefern eine Überarbeitung stattfinden sollte. Koheränzbrüche galt es wohl keine zu korrigiern, aber waren 32 Konzepte genug? Zu wenig oder zu viel? Wahrscheinlich zu aufwendig für eine automatische Prüfung ist die entscheidenste Frage: Habe ich die Aufgabenstellung richtig bearbeitet? oder an der Frage vorbei argumentiert?;0;10;0;Staatsexamen;5/17/2015;5/17/2015;5/31/2015;5/31/2015;OYAqEc;1;0;2;1,75;2
ReAhtp;2;1;24;1;2;2;2;2;0;,303977272727273;,0625;,545454545454545;,0625;,545454545454545;0;0;6;0;2;2;2; ;0;8;1;Staatsexamen;5/18/2015;5/18/2015;5/29/2015;5/29/2015;ReAhtp;2;1;1,5;2;1,5
fWEjft;0;1;32;1,25;,5;,5;1,5;1,5;0;,154411764705882;,0588235294117647;,25;,0588235294117647;,25;1;1;7;0;1;3;1;"Ich kann mit der Meldung ""Sie haben 20 Konzepte geschrieben"" nichts anfangen. Habe ich nicht nur ein Konzept geschrieben?";0;21;0;Staatsexamen;5/18/2015;5/18/2015;5/29/2015;5/29/2015;fWEjft;0;0;1,25;1;1,25
rACYgX;0;1;26;,75;1,5;1,5;2,5;2,5;0;,227678571428571;,1875;,25;,1875;,285714285714286;0;0;7;0;1;2;2; ;1;8;1;Staatsexamen;5/16/2015;5/16/2015;5/25/2015;5/25/2015;rACYgX;1;0;1,25;2;1,25
PSncfH;1;1;20;2;2,5;2,5;2;2;0;,269886363636364;,181818181818182;,25;,272727272727273;,375;1;0;4;1;3;3;2; ;1;-4;0;Staatsexamen;5/18/2015;5/18/2015;6/1/2015;6/1/2015;PSncfH;1;0;2,25;2,25;2,25
ZmTkPm;0;1;22;1,5;2;1,5;1,5;1,5;,5;,355555555555556;,222222222222222;,5;,2;,5;0;2;1;1;3;2;2;Es war mir nicht ganz klar wie plötzlich 27 Konzepte in meinen Text kamen. Was sind diese Konzepte? Diese Frage konnte ich mir nicht beantworten und konnte deshalb das Feedback nicht wirklich einordnen. Ich war mir nicht sicher wie viel ich noch bearbeiten sollte bzw. ob der Text so gut war nur weil er kohärent war. Sonst ist es eine super Sache! :)Schönen Tag und schönen Feiertag mit viel Sonne wünsche ich!;0;2;0;Staatsexamen;5/13/2015;5/13/2015;5/23/2015;5/23/2015;ZmTkPm;2;0;2;1,625;2
jnrcky;1;1;20;2;3;3;2;2;0;,255555555555556;,4;,111111111111111;,4;,111111111111111;1;1;1;1;3;3;3; ;1;1;0;Staatsexamen;5/18/2015;5/18/2015;5/27/2015;5/27/2015;jnrcky;2;0;2,5;2,5;2,5
AOnSWP;1;1;20;1;1,5;1,5;1,5;1,5;0;,153787878787879;,111111111111111;,1;,222222222222222;,181818181818182;1;2;2;1;1;1;1; ;0;4;0;Staatsexamen;5/18/2015;5/18/2015;6/1/2015;6/1/2015;AOnSWP;1;0;1;1,5;1
EBWHsb;2;1;24;1;3;3;2;2;0;,108699633699634;,0666666666666667;,153846153846154;,0714285714285714;,142857142857143;0;2;2;1;1;2;1; ;0;2;0;Staatsexamen;5/12/2015;5/12/2015;5/19/2015;5/19/2015;EBWHsb;1;0;1,25;2,5;1,25
FHGrde;2;1;20;1,5;3;3;3;2,5;0;,100694444444444;,166666666666667;,0625;,111111111111111;,0625;1;0;2;1;2;2;1; ;0;2;1;Staatsexamen;5/12/2015;5/12/2015;5/29/2015;5/29/2015;FHGrde;1;0;1,5;2,875;1,5
hpUzKN;2;1;20;1,25;2;1,5;2;2;,5;,181060606060606;,0909090909090909;,1;,2;,333333333333333;1;3;2;1;1;2;2;"identifizierung von ""ergo"" als Keyword, nicht zwingend logische Rückführbarkeit der Ergebnisse.";0;2;0;Staatsexamen;5/13/2015;5/13/2015;5/26/2015;5/26/2015;hpUzKN;2;0;1,5;1,875;1,5
NsXDKj;1;1;20;1,5;1,5;1,5;1,5;1;0;,160227272727273;,133333333333333;,0833333333333333;,0909090909090909;,333333333333333;0;1;2;1;2;3;3; ;0;2;0;Staatsexamen;5/17/2015;5/17/2015;5/19/2015;5/19/2015;NsXDKj;1;0;2,25;1,375;2,25
ckqzFj;2;1;19;,5;2,5;2;2,5;1,5;,5;,161195054945055;,142857142857143;,0769230769230769;,3;,125;0;1;2;1;1;0;1;Es ist sehr leicht, da es sofort ersichtlich ist, welche Schlüsselwörter zusammengehörig sind.Allerdings wurden meiner Meinung nach nicht alle Zusammenhänge erkannt.;1;2;0;Staatsexamen;5/17/2015;5/18/2015;5/21/2015;5/22/2015;ckqzFj;1;0;,75;2,125;,75
fFpzUM;1;1;20;1,5;,5;,5;1,5;1;0;,248809523809524;,0666666666666667;,25;,428571428571429;,25;1;0;2;1;1;3;2;Gut ist, dass es überhaupt ein Feedback gibt und man dadurch die Möglichkeit bekommt das Geschriebene erneut zu überprüfen. Jedoch ist es mir etwas schwergefallen das Feedback auch so umzusetzen bzw überhaupt zu verstehen...;1;4;0;Staatsexamen;5/18/2015;5/18/2015;6/1/2015;6/1/2015;fFpzUM;0;0;1,75;,875;1,75
hfZCVp;2;1;19;,75;1,5;1,5;,5;,5;0;,279506033182504;,235294117647059;,230769230769231;,235294117647059;,416666666666667;0;1;2;1;1;1;2; ;1;2;0;Staatsexamen;5/17/2015;5/17/2015;5/28/2015;5/28/2015;hfZCVp;2;0;1,25;1;1,25
iWUEGj;1;1;23;1,25;2;2;1;1;0;,215277777777778;,111111111111111;,25;,375;,125;0;1;2;1;2;2;3; ;1;2;0;Staatsexamen;5/14/2015;5/14/2015;5/28/2015;5/28/2015;iWUEGj;0;0;2;1,5;2
JdcWiq;1;1;21;1,75;2,5;2,5;1;1;0;,108578431372549;,117647058823529;,05;,166666666666667;,1;3;1;2;1;2;1;1;Die Brüche im Text waren gut zu erkennen und dadurch auch gut zu verbessern. Einige identifizierten Brüche fand ich beim erneuten lesen allerdings im Text gut verständlich und andere Stellen hätte ich eher nochmal anders formuliert. Auch war mir nicht klar ob die Brüche inhaltlich oder durch undeutliche Formulierung zustande kamen.;1;2;0;Staatsexamen;5/18/2015;5/18/2015;5/28/2015;5/28/2015;JdcWiq;1;0;1,25;1,75;1,25
KjpGJk;0;1;20;1,25;1,5;1,5;,5;,5;0;,1625;,125;,2;,125;,2;0;0;2;1;2;2;2; ;1;2;0;Staatsexamen;5/18/2015;5/18/2015;6/1/2015;6/1/2015;KjpGJk;0;0;1,75;1;1,75
SsYeWS;2;1;24;1,75;2;2;,5;,5;0;,2;,3;,0833333333333333;,333333333333333;,0833333333333333;0;1;2;1;3;3;3; ;1;8;0;Staatsexamen;5/18/2015;5/18/2015;6/1/2015;6/1/2015;SsYeWS;2;0;2,5;1,25;2,5
uTOzDR;2;1;21;1,75;1;1;1;1;0;,0671984265734266;,0384615384615385;,0625;,0769230769230769;,0909090909090909;0;0;2;1;3;3;0;Es ist kein persönliches Feedback, das finde ich etwas schwierig. Ich würde gerne wissen, ob das alles so stimmt wie ich es geschrieben habe.;1;2;0;Staatsexamen;5/14/2015;5/14/2015;5/27/2015;5/27/2015;uTOzDR;1;0;1,75;1;1,75
YFkxav;0;1;18;1,5;3;3;1,5;1,5;0;,25530303030303;,0833333333333333;,4;,0833333333333333;,454545454545455;1;0;2;1;2;2;1;"Nachdem ich mein Entwurf abgeschickt und auf Feedback geklickt habe, bekam ich nur einen Satz zur Verbesserung: ""Sie haben 17 Konzepte und einen kohärenten Text geschrieben.""Ich hatte somit keine Probleme mit Brüchen in meinem Text, dementsprechend war dies schonmal einfach.Ich habe mich dann allerdings gefragt wie ich mit diesem Feedback umgehen soll, da ich daraus gelesen habe, dass ich nichts mehr überarbeiten muss. Ich kann allerdings nicht sagen, ob dies nun genug Konzepte sind oder ob noch irgendetwas fehlt. Hier hätte ich mir noch ein wenig mehr Angaben gewünscht.";1;2;0;Staatsexamen;5/14/2015;5/14/2015;5/27/2015;5/27/2015;YFkxav;1;0;1,5;2,25;1,5
KoYDbG;2;1;20;1,75;2,5;2,5;,5;0;0;,359375;,4375;,285714285714286;,428571428571429;,285714285714286;0;1;3;1;3;3;2;Es hat meiner Meinung nach gut gezeigt, wie die Struktur des Textes ist. Ich hatte aber das Gefühl es werden beliebig Wörter aus meinem Text genommen und in einer Concept Map zusammen gefügt.;1;4;0;Staatsexamen;5/17/2015;5/17/2015;6/1/2015;6/1/2015;KoYDbG;2;0;2,25;1,375;2,25
zbkabD;0;1;21;1,75;1;1;,5;,5;0;,0950091575091575;,0769230769230769;,0833333333333333;,0769230769230769;,142857142857143;0;2;3;1;2;4;4; ;1;3;0;Staatsexamen;5/17/2015;5/18/2015;6/1/2015;6/1/2015;zbkabD;2;0;2,75;,75;2,75
HWnqPk;1;1;20;2;3,5;3,5;3;2;0;,141414141414141;,0909090909090909;,181818181818182;,111111111111111;,181818181818182;1;0;4;1;3;3;1;"Ich fand es schwer, aus dem Feedback Schlüsse über die Qualität meines Textes zu ziehen. Das Programm zieht zum einen nur einzelne Begriffe aus dem Text, die ich oft gar nicht in dem Kontext benutzt habe, in dem sie interpretiert wurden. Zum anderen hat es zentrale Konzepte nicht erkannt, weil ich sie anders formuliert habe als sie eingespeichert sind (z.B. habe ich ""kohärent"" anstatt ""Kohärenz"" geschrieben und es stand nicht auf der Liste).Außerdem hat mir die Liste insgesamt nicht wirklich bei der Überarbeitung geholfen. Es fiel mir ziemlich schwer mit Hilfe der Liste andere Konzepte zu finden, die ich vergessen hatte, und weil sie bei mir keine Kohärenzbrüche angezeigt hat, konnte ich an meinem bisherigen Text auch nicht viel ändern.";0;4;0;Staatsexamen;5/16/2015;5/16/2015;5/29/2015;5/29/2015;HWnqPk;1;0;2;3;2
RADmAh;1;1;20;1,75;2;1,5;2,5;2;,5;,151556776556777;,153846153846154;,142857142857143;,166666666666667;,142857142857143;1;2;4;1;3;2;3;"Schwer machte es mir, die Kohäsionsbrüche zu erkennen, da es unlar war, was mit Zeilen und Spalten gemeint war. Ansonsten fand ich diese ""Hausaufgabe"" für mich effektiv, da das Erklären, welches in der Vorlesung dargestellt wurde, in der Praxis erklärt werden musste.";0;4;0;Staatsexamen;5/14/2015;5/14/2015;5/26/2015;5/26/2015;RADmAh;1;0;2,25;2;2,25
tUvBIW;0;1;22;1;3,5;3,5;2;2;0;,13895173453997;,0769230769230769;,166666666666667;,0769230769230769;,235294117647059;1;1;4;1;1;1;1; ;0;4;0;Staatsexamen;5/14/2015;5/14/2015;5/21/2015;5/21/2015;tUvBIW;1;0;1;2,75;1
uLbZRd;0;1;21;1,75;2;2;1;1;0;,143214285714286;,142857142857143;,16;,15;,12;0;1;4;1;3;3;3; ;0;4;0;Staatsexamen;5/13/2015;5/13/2015;5/22/2015;5/22/2015;uLbZRd;1;0;2,5;1,5;2,5
UlZTBM;2;1;21;1,5;1,5;1,5;2;2;0;,255494505494505;,214285714285714;,285714285714286;,214285714285714;,307692307692308;1;0;4;1;3;1;2; ;0;4;0;Staatsexamen;5/17/2015;5/17/2015;6/1/2015;6/1/2015;UlZTBM;2;1;1,75;1,75;1,75
vTMWbS;0;1;23;1;1,5;1,5;1,5;1,5;0;,300347222222222;,125;,444444444444444;,1875;,444444444444444;1;1;4;1;1;1;3; ;0;4;0;Staatsexamen;5/19/2015;5/19/2015;6/1/2015;6/1/2015;vTMWbS;1;1;1,5;1,5;1,5
ATOPva;0;1;21;1;2;2;1,5;1,5;0;,134772090654444;,0909090909090909;,176470588235294;,0952380952380952;,176470588235294;0;0;4;1;1;2;2; ;1;4;0;Staatsexamen;5/12/2015;5/12/2015;5/19/2015;5/19/2015;ATOPva;1;1;1,5;1,75;1,5
iLIoST;1;1;20;1;2,5;2,5;1,5;1,5;0;,197002923976608;,157894736842105;,25;,157894736842105;,222222222222222;1;0;4;1;1;1;1; ;1;4;0;Staatsexamen;5/18/2015;5/18/2015;6/2/2015;6/2/2015;iLIoST;1;0;1;2;1
jAijfp;2;1;22;2,25;2;1;,5;,5;1;,295454545454545;,0909090909090909;,454545454545455;,181818181818182;,454545454545455;1;2;4;1;3;4;3;Im Feedback werden leider einfach nur Substantive herausgefiltert. Verben sind dabei doch nicht weniger wichtig?! Selbst idiomatische Ausdrücke werden infrage gestellt. Satzverbindungen, die die Software nicht kennt, werden kritisiert.;1;6;0;Staatsexamen;5/17/2015;5/17/2015;5/19/2015;5/19/2015;jAijfp;1;0;2,75;1;2,75
miDcFK;2;1;21;1;2;2;1;1;0;,157789855072464;,0833333333333333;,130434782608696;,2;,217391304347826;1;1;4;1;1;1;1;evtl. personalisierteres Feedback auf welche Punkte genau man eher eingehen sollte.;1;4;0;Staatsexamen;5/18/2015;5/18/2015;5/31/2015;5/31/2015;miDcFK;2;0;1;1,5;1
NNwqHh;0;1;22;1,75;1,5;1,5;2,5;2;0;,225;,0666666666666667;,333333333333333;,0714285714285714;,428571428571429;0;2;4;1;3;3;1; ;1;4;0;Staatsexamen;5/14/2015;5/14/2015;5/19/2015;5/19/2015;NNwqHh;1;0;2;1,875;2
oECupj;0;1;21;1,75;2,5;2,5;1;1;0;,425;,4;,5;,3;,5;0;0;4;1;3;3;1; ;1;6;0;Staatsexamen;5/18/2015;5/18/2015;6/2/2015;6/2/2015;oECupj;1;1;2;1,75;2
oxFbJx;2;1;21;1,5;4;4;1,5;1,5;0;,176709401709402;,1;,153846153846154;,222222222222222;,230769230769231;1;2;4;1;2;2;1;"Ich finde, dass das Feedback sehr abstrakt ist. Es nimmt einfach die Schlagworte aus dem Text und versucht sie zu verknüpfen. Beispielsweise stand dann auch ""Letzt"" von ""zu guter Letzt"" in dem Feedback, was inhaltlich nichts mit der Erklärung zu tun hat, lediglich einen letzten Sachverhalt mit den vorigen zu verknüpfen.";1;4;0;Staatsexamen;5/16/2015;5/16/2015;5/21/2015;5/21/2015;oxFbJx;2;1;1,5;2,75;1,5
QKwjAj;2;1;20;,75;2,5;2,5;1;1;0;,110714285714286;,1;,0666666666666667;,142857142857143;,133333333333333;0;2;4;1;1;1;1;Man sieht genau welche Themenworte nicht verknüpft sind mit dem Rest des Textes und kann somit schnell und einfach seinen Text korrigieren. Es wäre gut wenn man noch ein zweites Feedback bekäme, um zu sehen ob jetzt eine Verbindung entstanden ist oder nicht;1;4;0;Staatsexamen;5/16/2015;5/16/2015;5/20/2015;5/20/2015;QKwjAj;1;0;1;1,75;1
aCFzKC;2;1;27;1,5;1,5;1,5;2;2;0;,207251082251082;,0909090909090909;,285714285714286;,166666666666667;,285714285714286;1;3;5;1;2;2;1;"Die Software identifizierte es als Kohärenzbruch, dass ich ursprünglich geschrieben habe: ""Die Erklärung sollte so aufgebaut sein, dass sie von etwas dem Adressaten bekannten zum Unbekannten fortschreitet. Dieses Fortschreiten sollte dabei in möglichst kleinen, leicht verständlichen Schritten geschehen"" - ""Fortschreiten"" und ""Schritte"" sollen hier einen Kohärenzbruch darstellen. Ein automatisiertes Feedbacktool mag ja eine nette Idee sein, aber es behandelt einen Text doch sehr mechanisch. Mit Verlaub: Ich finde das denkfeindlich.";0;14;0;Staatsexamen;5/13/2015;5/13/2015;5/27/2015;5/27/2015;aCFzKC;2;0;1,5;1,75;1,5
CJipjN;0;1;21;1,5;2;1;1,5;1,5;1;,5875;,3;,875;,3;,875;1;1;5;1;2;2;2;Das Feedback zählt nur und verweist nicht auf konkretes. Das macht es eventuell schwerer, es ist jedoch m. M. n. auch eine Denkarbeit, die man im Studium erwarten kann.;1;6;0;Staatsexamen;5/16/2015;5/16/2015;6/1/2015;6/1/2015;CJipjN;1;0;1,75;1,5;1,75
SLpIJE;2;1;22;1,75;2;2;2;1,5;0;,222222222222222;,214285714285714;,166666666666667;,222222222222222;,285714285714286;1;1;5;1;3;2;2; ;1;4;0;Staatsexamen;5/15/2015;5/15/2015;5/31/2015;5/31/2015;SLpIJE;2;1;2;1,875;2
hAmEbF;2;1;24;1;1,5;1,5;1,5;1,5;0;,172619047619048;,222222222222222;,142857142857143;,111111111111111;,214285714285714;0;3;6;1;1;2;2; ;0;6;1;Staatsexamen;5/17/2015;5/17/2015;6/1/2015;6/1/2015;hAmEbF;2;0;1,5;1,5;1,5
klbmDY;0;1;25;3;1,5;1,5;2;,5;0;,4;,333333333333333;,333333333333333;,6;,333333333333333;3;2;6;1;4;4;4; ;0;9;0;Staatsexamen;5/18/2015;5/18/2015;6/1/2015;6/1/2015;klbmDY;1;0;3,25;1,375;3,25
AWYTIJ;0;1;22;1,25;3;3;1,5;1,5;0;,292582417582418;,142857142857143;,384615384615385;,142857142857143;,5;0;0;6;1;2;2;2; ;1;6;0;Staatsexamen;5/18/2015;5/18/2015;5/31/2015;5/31/2015;AWYTIJ;2;1;1,75;2,25;1,75
nXYuMs;2;1;23;2;2;1,5;2,5;2,5;,5;,234539969834087;,117647058823529;,333333333333333;,153846153846154;,333333333333333;1;0;6;1;3;3;3; ;1;6;1;Staatsexamen;5/18/2015;5/18/2015;5/31/2015;5/31/2015;nXYuMs;1;0;2,5;2,125;2,5
PjNTae;2;1;23;1,25;3;3;1;1;0;,116071428571429;,125;,0714285714285714;,125;,142857142857143;1;2;6;1;1;2;0;Individuelles Feedback durch die Software bei der hohen Kursteilnehmeranzahl ist echt super! Jedoch fand ich das Feedback trotzdem ein bisschen zu einseitig (nur Kohärenz des Textes) und zu knapp.;1;6;0;Staatsexamen;5/13/2015;5/13/2015;5/27/2015;5/27/2015;PjNTae;2;1;1;2;1
zJlPfZ;0;1;22;2;,5;,5;1,5;1,5;0;,201923076923077;,2;,153846153846154;,3;,153846153846154;0;2;6;1;3;4;3;Das Feedback war für mich schwer zu verstehen, weil ich nicht wusste, was wünschenswert ist und was nicht. Gerade in Bezug auf die Anzahl der genannten Konzepte viel er mit schwer, dahingehend eine Überarbeitung meines Textes zu machen, da kein Richtwert bekannt war. Sind 29 genannte Konzepte nun gut oder schlecht? Woher weiß ich, was noch fehlt? Die Angabe über die Kohärenzbrüche war deutlicher zu verstehen und daher in Ordnung.Und es wäre nett, wenn die Website eine Erklärung bereitstellen würde, wie denn dieses automatisierte Feedback funktioniert. Nur aus reinem Interesse an der Sache natürlich.Ansonsten war der Arbeitsaufwand für diese Hausaufgabe moderat.;1;6;0;Staatsexamen;5/18/2015;5/18/2015;5/29/2015;5/29/2015;zJlPfZ;2;1;2,75;1;2,75
GgDYnR;1;1;24;,75;,5;,5;2;2;0;,1875;,0625;,222222222222222;,1875;,277777777777778;0;1;7;1;1;1;1; ;0;9;0;Staatsexamen;5/14/2015;5/19/2015;6/1/2015;6/1/2015;GgDYnR;1;0;1;1,25;1
cmhtik;2;1;23;1,5;1;1;2;2;0;,415064102564103;,583333333333333;,230769230769231;,615384615384615;,230769230769231;0;3;7;1;3;2;3;Obwohl der Text rund geschrieben worden ist, sieht das Feedback die Hinführung zur Ausarbeitung nicht und stellt somit Brüche im Text dar.;1;8;1;Staatsexamen;5/15/2015;5/18/2015;5/25/2015;5/25/2015;cmhtik;3;0;2,25;1,5;2,25
uuFgjI;2;1;24;1,25;1,5;1,5;2;2;0;,260416666666667;,166666666666667;,25;,25;,375;0;0;7;1;2;2;0;Die grafische Darstellung machte es leicht Kohärenzbrüche zu identifizieren. Allerdings fiel es mir schwer aus dieser zu sehen, inwiefern ich alle relevanten Konzepte in meine Erklärung eingearbeitet habe und welche noch fehlen.;1;8;1;Staatsexamen;5/18/2015;5/18/2015;6/1/2015;6/1/2015;uuFgjI;2;0;1,25;1,75;1,25
HnRggo;2;1;27;1,75;1;,5;1,5;1;,5;,11013986013986;,0769230769230769;,0909090909090909;,181818181818182;,0909090909090909;1;1;9;1;3;2;2;"Es ist natürlich schön, ein visuelles Feedback zu bekommen. Vor allem so schnell. Das Problem ist allerdings, dass die Software anscheinend auch Begriffe heraus nimmt, die in der Erklärung primär gar nicht so wichtig waren. Desweiteren finde ich es unnötig unübersichtlich, dass die Software zum Beispiel aus ""der Lernende"" und ""dem Lernenden"" zwei Unterpunkte für ein und das selbe Konzept macht.";0;11;1;Staatsexamen;5/17/2015;5/17/2015;5/30/2015;5/30/2015;HnRggo;2;0;2;1;2
AYFSsc;1;1;28;2,25;1,5;1,5;1;1;0;,169642857142857;,0833333333333333;,214285714285714;,166666666666667;,214285714285714;2;2;14;1;3;3;1; ;0;15;1;Staatsexamen;5/18/2015;5/18/2015;6/2/2015;6/2/2015;AYFSsc;2;0;2;1,25;2
NCutyl;1;1;20;2,25;4;4;2;2;0;,196969696969697;,181818181818182;,166666666666667;,272727272727273;,166666666666667;2;0;3;2;3;2;4;Es wäre sinnvoll, die auf der rechten Seite gelisteten Wörter in dem Fließtext zu verlinken, da man so Brüche deutlich leichter identifizieren kann. Außerdem werden manche Wörter im Text mehrmals verwendet und es ist nicht eindeutig auf welches Wort die Software abzielt.;0;-2;0;Staatsexamen;5/13/2015;5/13/2015;5/20/2015;5/20/2015;NCutyl;0;0;2,75;3;2,75
NIDUvU;1;1;28;2;3;2;1;1;1;,2125;,266666666666667;,125;,333333333333333;,125;0;1;3;2;3;3;3; ;0;-15;0;Staatsexamen;5/18/2015;5/18/2015;6/2/2015;6/2/2015;NIDUvU;0;0;2,75;1,75;2,75
OwhbGG;2;1;20;1,75;1;1;2;1,5;0;,239583333333333;,166666666666667;,333333333333333;,125;,333333333333333;1;0;1;2;2;2;2; ;0;2;0;Staatsexamen;5/12/2015;5/12/2015;5/25/2015;5/25/2015;OwhbGG;1;0;2;1,375;2
FlgLnG;0;1;20;2,25;2;2;2,5;2,5;0;,301041666666667;,1875;,208333333333333;,6;,208333333333333;1;0;1;2;3;3;3;man kann kaum einen richtigen Zusammenhang zwischen Feedback und geschriebenem Text feststellen, wodurch das Feedback keine große Hilfestellung bei der Bearbeitung des Textes ist.;1;2;0;Staatsexamen;5/14/2015;5/17/2015;6/1/2015;6/1/2015;FlgLnG;1;0;2,75;2,25;2,75
hQunij;1;1;20;3;3,5;3,5;1,5;1,5;0;,173920625942685;,266666666666667;,0588235294117647;,307692307692308;,0625;2;2;1;2;4;4;4; ;1;4;0;Staatsexamen;5/12/2015;5/15/2015;5/19/2015;5/19/2015;hQunij;1;0;3,5;2,5;3,5
RDuihj;2;1;23;2,25;2;2;1;1;0;,166515837104072;,235294117647059;,1;,230769230769231;,1;1;0;2;2;3;3;4; ;0;3;0;Staatsexamen;5/19/2015;5/19/2015;6/1/2015;6/1/2015;RDuihj;0;0;3;1,5;3
SYyABc;2;1;20;1,5;3,5;3;2,5;2,5;,5;,109325396825397;,111111111111111;,0833333333333333;,142857142857143;,1;1;1;2;2;1;2;3;"Unklarheit darüber, ob ein ""echter"" Leser die angeblichen Brüche im Text ebenfalls so sehen würde, oder ob diese Brüche nur duch die Software identifiziert werden.";0;2;1;Staatsexamen;5/18/2015;5/18/2015;5/21/2015;5/21/2015;SYyABc;1;1;2;2,875;2
vpYnPK;1;1;21;2,25;2;2;,5;,5;0;,242997198879552;,285714285714286;,176470588235294;,333333333333333;,176470588235294;1;1;2;2;3;3;2;Die Tatsache, dass nur Stichwörter als Rückmeldung zur Verfügung standen, verkomplizierte die Überarbeitung meiner Meinung nach unnötig. Besser wäre eine konkrete-, statt einer vagen Rückmeldung.;0;2;0;Staatsexamen;5/12/2015;5/12/2015;5/22/2015;5/30/2015;vpYnPK;2;0;2,5;1,25;2,5
whLnIr;0;1;19;1,5;2;2;2,5;2,5;0;,127185314685315;,125;,0769230769230769;,125;,181818181818182;0;0;2;2;2;2;2; ;0;2;0;Staatsexamen;5/15/2015;5/15/2015;6/2/2015;6/2/2015;whLnIr;0;0;2;2,25;2
AEnkco;2;1;20;2,5;2,5;2,5;2;2;0;,292857142857143;,285714285714286;,3;,285714285714286;,3;0;2;2;2;4;4;3;Ich konnte mit dem Feedback wenig anfangen und nichts an meinem Text ändern, da ich nicht wusste, wie ich die verschiedenen Begriffsgruppen verbinden soll.;1;2;0;Staatsexamen;5/18/2015;5/18/2015;5/25/2015;5/25/2015;AEnkco;0;0;3,25;2,25;3,25
CEmACj;1;1;20;2;2,5;2,5;1;1,5;0;,354166666666667;,4;,3;,416666666666667;,3;0;0;2;2;3;3;2; ;1;2;0;Staatsexamen;5/17/2015;5/17/2015;5/20/2015;5/20/2015;CEmACj;1;1;2,5;1,875;2,5
dnCzmb;1;1;21;1,75;2;2;1;,5;0;,293998015873016;,277777777777778;,285714285714286;,3125;,3;0;1;2;2;3;2;3; ;1;2;0;Staatsexamen;5/13/2015;5/13/2015;5/20/2015;5/20/2015;dnCzmb;1;0;2,5;1,375;2,5
FwfgGr;0;1;21;2,5;1,5;1,5;2;2;0;,268308080808081;,25;,272727272727273;,277777777777778;,272727272727273;0;0;2;2;4;4;4; ;1;2;0;Staatsexamen;5/15/2015;5/15/2015;5/25/2015;5/25/2015;FwfgGr;2;0;3,5;1,75;3,5
ksdFMN;2;1;22;2;2;1,5;1;1;,5;,190613553113553;,307692307692308;,133333333333333;,25;,0714285714285714;0;0;2;2;3;3;2; ;1;3;0;Staatsexamen;5/18/2015;5/18/2015;6/1/2015;6/1/2015;ksdFMN;0;0;2,5;1,375;2,5
ltMCXm;1;1;21;1,75;2;2;,5;,5;0;,207905982905983;,1;,133333333333333;,444444444444444;,153846153846154;0;1;2;2;3;2;2;Schwer war es anhand der Liste den Zusammenhang zu erkennen. Hier hätte man noch kurze Überschriften wählen können, damit man weiß, was mit den einzelnen Listen gemeint war.;1;2;0;Staatsexamen;5/14/2015;5/18/2015;5/30/2015;6/1/2015;ltMCXm;0;0;2,25;1,25;2,25
PfnyyT;2;1;20;2;2,5;2,5;3;2;0;,248263888888889;,0555555555555556;,375;,1875;,375;0;1;2;2;3;3;3;Ich hatte den Eindruck, das automatische Feedback war nicht an die Voraussetzung angepasst, dass ich laut Aufgabenstellung einem -Erstsemester- etwas erklären sollte. Diese_r hat wohl ein besser ausgebildetes Kohärenzverstehen.;1;2;0;Staatsexamen;5/14/2015;5/14/2015;5/31/2015;5/31/2015;PfnyyT;1;0;2,75;2,5;2,75
rCjGSb;0;1;23;2;2,5;2,5;1,5;1;0;,241025641025641;,133333333333333;,266666666666667;,230769230769231;,333333333333333;1;2;2;2;2;3;3; ;1;2;0;Staatsexamen;5/12/2015;5/12/2015;5/26/2015;5/26/2015;rCjGSb;1;0;2,5;1,875;2,5
tEIqrw;0;1;19;1,75;1;1;2,5;2,5;0;,144444444444444;,166666666666667;,15;,111111111111111;,15;1;2;2;2;2;2;1; ;1;2;1;Staatsexamen;5/18/2015;5/18/2015;6/1/2015;6/1/2015;tEIqrw;2;0;1,75;1,75;1,75
YBLDbZ;2;1;29;1,25;1;1;2,5;2;0;,355699855699856;,111111111111111;,454545454545455;,285714285714286;,571428571428571;0;4;2;2;1;2;0;Die concept Map verdeutlicht sehr anschaulich, wo Brüche im Zusammenhang des ersten Entwurfs auftauchen.;1;13;0;Staatsexamen;5/18/2015;5/18/2015;6/1/2015;6/1/2015;YBLDbZ;3;1;1,25;1,625;1,25
YRqWoQ;0;1;20;2,5;1,5;1,5;1,5;,5;0;,427941176470588;,411764705882353;,4;,5;,4;2;0;2;2;3;3;2; ;1;2;0;Staatsexamen;5/14/2015;5/18/2015;6/2/2015;6/2/2015;YRqWoQ;2;0;2,5;1,25;2,5
yUFkmg;0;1;21;2;2;1,5;4;3,5;,5;,282186234817814;,157894736842105;,263157894736842;,307692307692308;,4;1;1;2;2;2;3;2; ;1;2;0;Staatsexamen;5/15/2015;5/15/2015;6/1/2015;6/1/2015;yUFkmg;1;0;2,25;2,75;2,25
YzHsfs;2;1;20;2,25;1,5;1,5;2;1,5;0;,165441176470588;,125;,176470588235294;,125;,235294117647059;1;0;2;2;3;3;3; ;1;2;0;Staatsexamen;5/17/2015;5/19/2015;5/28/2015;5/28/2015;YzHsfs;0;0;2,75;1,625;2,75
aPzaBM;0;1;25;2,25;1,5;1,5;2,5;1,5;0;,337893356643357;,272727272727273;,153846153846154;,625;,3;1;0;3;2;3;3;3; ;0;3;0;Staatsexamen;5/13/2015;5/14/2015;5/22/2015;5/22/2015;aPzaBM;1;0;2,75;1,75;2,75
XoXBnf;1;1;22;2,75;1,5;1,5;3;2,5;0;,246428571428571;,3;,142857142857143;,4;,142857142857143;1;0;3;2;4;4;4;Das Feedback ist nicht gut erklärt, man versteht nicht wirklich was man damit anfangen soll.;0;4;0;Staatsexamen;5/18/2015;5/18/2015;5/20/2015;5/20/2015;XoXBnf;1;0;3,5;2,125;3,5
TLnfSP;2;1;28;1,25;1,5;1,5;2,5;1,5;0;,179166666666667;,0666666666666667;,1;,4;,15;0;0;3;2;1;2;1;Es identifiziert teilweise Überleitungen als Brüche... die nicht zusammenhängenden Sätze konnte ich schnell finden, und auch leicht nachvollzieen, warum diese wenig in den Gesamtzusammenhang eingebunden waren.Aber das System gibt keine konkreten Anregungen, was ich daraufhin tun kann, deshalb bin ich unsicher, wie ich die Version verbessern kann. Dennoch glaube ich, dass die zweite Version  kohärenter und somit leichter verständlich ist.;1;10;0;Staatsexamen;5/18/2015;5/18/2015;5/27/2015;5/27/2015;TLnfSP;0;0;1,5;1,75;1,5
wQIYYN;0;1;20;1,75;3;3;,5;,5;0;,0972222222222222;,0833333333333333;,111111111111111;,0833333333333333;,111111111111111;0;2;3;2;1;4;2;Das Feedback ist sehr unverständlich.;1;3;0;Staatsexamen;5/18/2015;5/18/2015;6/1/2015;6/1/2015;wQIYYN;1;1;2,25;1,75;2,25
AIShpA;2;1;22;2;1,5;1,5;,5;,5;0;,183333333333333;,111111111111111;,1;,222222222222222;,3;1;0;4;2;3;2;3;Verwendete Synonyme (z.B. Lehrender/ Erklärender) wurden nicht erkannt, sodass durch die Software zum Teil Kohärenzbrüche angezeigt werden, wo es eigentlich keine gibt.;0;4;0;Staatsexamen;5/13/2015;5/14/2015;6/1/2015;6/1/2015;AIShpA;1;0;2,5;1;2,5
AvfMnV;2;1;22;1,75;2;2;,5;,5;0;,263786764705882;,117647058823529;,375;,1875;,375;0;1;4;2;2;3;3; ;0;6;0;Staatsexamen;5/18/2015;5/19/2015;5/30/2015;5/30/2015;AvfMnV;1;0;2,5;1,25;2,5
BCdDaH;2;1;22;2,5;1,5;1,5;2;2;0;,193181818181818;,181818181818182;,25;,0909090909090909;,25;3;0;4;2;3;2;2;Ich würde es gut finden, wenn man zu einem zweiten Text ein Feedback anforden könnte.;0;4;0;Staatsexamen;5/17/2015;5/17/2015;6/1/2015;6/1/2015;BCdDaH;1;0;2,25;1,75;2,25
CwiaEj;0;1;22;2,25;1;1;2;1,5;0;,204545454545455;,0909090909090909;,272727272727273;,181818181818182;,272727272727273;0;0;4;2;4;3;4;"Meiner Meinung nach ist das Überarbeiten des Textes insofern recht schwer, dass die Anhaltspunkte fehlen, was erwartet wird (Wie viele Konzepte sollten in dem Text genannt werden?). Eine absolute Zahl hilft da wenig, wenn sie nicht in Relation gesetzt wird (z.B: ""In dem Text sind 20 Konzepte. Zu nennen sind mind. 15"")";0;4;0;Staatsexamen;5/12/2015;5/12/2015;5/29/2015;5/29/2015;CwiaEj;1;0;3,25;1,375;3,25
fGJFKB;0;1;22;2;2,5;2,5;1,5;1,5;0;,237215909090909;,272727272727273;,125;,363636363636364;,1875;1;0;4;2;2;3;3;Ein elektronisches System ist nicht in der Lage. einen gelungenen oder nicht gelungenen Erklärungstext zu identifizieren. Das Feedback konnte zwar auf fehlende Kohäsionen aufmerksam machen, die sich bei näherer Betrachtung im Text auch fanden. Dabei ist es aber nicht sicher, dass diese Kohäsionen den Text leichter verständlich machen oder nicht. Es war nicht immer ganz eindeutig, an welcher Stelle die fehlenden Konnektionen sein sollten.;0;6;0;Staatsexamen;5/14/2015;5/14/2015;5/28/2015;5/28/2015;fGJFKB;1;0;2,5;2;2,5
LMJRYt;1;1;22;3;1;1;2;2;0;,218772893772894;,0666666666666667;,357142857142857;,0666666666666667;,384615384615385;2;0;4;2;4;4;4;"Aus dem ""Bruchstückhaften"" Feedback wird nicht klar erkenntlich, was im Text gut ist, und was verbessert werden muss.";0;4;0;Staatsexamen;5/13/2015;5/18/2015;5/19/2015;5/20/2015;LMJRYt;2;0;3,5;1,5;3,5
oSqDfm;0;1;20;1,75;2;2;1,5;,5;0;,233919817927171;,0952380952380952;,3;,1875;,352941176470588;0;0;4;2;1;4;4;Das Feedback ist zu oberflächlich. Es gibt einem nur einen Überblick das etwas noch nicht ganz so gut ist, jedoch nicht wo man den Fehler gemacht hat. Vielleicht wäre es möglich, dass das Tool die Stellen markiert, wo sich die Koharenzbrüche befinden. Weil im Endeffekt weiß ich jetzt nicht, ob ich meine Erklärung an den richtigen Stellen korrigiert habe oder eben nicht.;0;4;0;Staatsexamen;5/14/2015;5/14/2015;6/1/2015;6/1/2015;oSqDfm;1;0;2,75;1,5;2,75
ajTYAS;0;1;20;2;1;1;1,5;2;0;,2;,125;,3;,125;,25;0;2;4;2;3;3;1; ;1;4;0;Staatsexamen;5/14/2015;5/14/2015;5/20/2015;5/20/2015;ajTYAS;1;0;2,25;1,375;2,25
bqkvYr;1;1;21;2;1,5;1,5;,5;,5;0;,116729323308271;,0526315789473684;,0714285714285714;,2;,142857142857143;0;2;4;2;3;3;2;Es war schwer erstmal zu verstehen, wie das Feedback aufgebaut ist und was mit die Aneinanderreihungen von Wörtern überhaupt sagen sollen. Es wäre deutlich sinnvoller die Verbindungen visuell darzustellen, z.B über eine mind map. Es überrascht mich auch, dass Sie das nicht gemacht haben, da bei diesem klarer gemacht werden könnte, wie die einzelnen Wörter untereinander verbunden sind (falls ein Computer das wirklich kann).;1;4;0;Staatsexamen;5/18/2015;5/18/2015;6/1/2015;6/1/2015;bqkvYr;2;1;2,5;1;2,5
CbXEjO;0;1;20;2;2;2;2;2;0;,123381311026435;,0526315789473684;,1875;,0769230769230769;,176470588235294;1;1;4;2;3;2;2;Für mich war das identifizieren des Feedbacks schwer, da das Feedback nur aus einer Zeile bestand und davon ein Stück am rechten Rand des Textfeldes, in dem das Feedback stand, abgeschnitten und somit nicht einsehbar war.;1;4;0;Staatsexamen;5/13/2015;5/13/2015;6/1/2015;6/1/2015;CbXEjO;1;0;2,25;2;2,25
ECIEQq;1;1;20;2,25;2,5;2;3,5;3,5;,5;,0607142857142857;,0714285714285714;,05;,0714285714285714;,05;2;3;4;2;3;2;2; ;1;4;0;Staatsexamen;5/14/2015;5/14/2015;6/1/2015;6/1/2015;ECIEQq;2;1;2,25;2,875;2,25
ePbAaC;1;1;22;2;3,5;3,5;1,5;1,5;0;,245075757575758;,181818181818182;,181818181818182;,2;,416666666666667;0;1;4;2;3;3;3; ;1;5;0;Staatsexamen;5/18/2015;5/18/2015;6/1/2015;6/1/2015;ePbAaC;1;0;2,75;2,5;2,75
EPlFGF;0;1;22;2,5;,5;,5;1;,5;0;,247443181818182;,2;,227272727272727;,25;,3125;2;1;4;2;3;3;3;Es wurde nicht angezeigt, wo sich genau der Bruch im Text befand.;1;4;0;Staatsexamen;5/18/2015;5/18/2015;6/1/2015;6/1/2015;EPlFGF;2;0;2,75;,625;2,75
erkUJD;1;1;21;2;1;,5;3,5;3;,5;,314705882352941;,0588235294117647;,5;,1;,6;0;0;4;2;3;3;2; ;1;4;0;Staatsexamen;5/17/2015;5/17/2015;6/1/2015;6/1/2015;erkUJD;1;0;2,5;2;2,5
FEexaw;1;1;21;2;1;1;,5;,5;0;,14375;,2;,0625;,25;,0625;2;2;4;2;1;3;2;"Das Feedback hilft sehr, Synonyme zu entdecken und diese ggf. durch gleiche Wörter zu ersetzen. Dadurch wird der Text einheitlicher. Ich habe nach dem Feedback meinen Text nochmal durchgelesen. Dabei ist mir aufgefallen, dass ich häufig lange Sätze verwende. Ich habe deshalb einige Kommata durch Punkte ersetzt und die Sätze somit kürzer und einfacher gemacht. Diese Funktion hat das elektronische Feedback allerdings nicht. Es beschränkt sich, soweit ich das verstanden habe, auf die Semantik einzelner Wörter. 2 Wörter, die mir als ""Zusammenhanglos"" angezeigt wurden, passen nicht in irgendein Konzept, sind mir aber wichtig, genannt zu werden, weshalb ich sie nicht korrigiert habe. Ich denke die Feedbackfunktion hilft vor allem, noch mal detailliert auf den Text zu schauen (v.a. sprachlich), letztlich korrigiert habe ich ihn allerdings mit dem Hintergrundwissen aus der Vorlesung und weniger aus den Angaben der Feedbackfunktion. Diese konnte ich eher schwer umsetzen (vielleicht müsste man das auch erst lernen).";1;4;0;Staatsexamen;5/17/2015;5/17/2015;5/25/2015;5/25/2015;FEexaw;1;0;2;,75;2
ijaBKg;2;1;21;2,25;1,5;1,5;2;1,5;0;,134469696969697;,0833333333333333;,181818181818182;,0909090909090909;,181818181818182;0;0;4;2;4;3;3;Ich finde die Idee einer Concept Map grundsätzlich sehr gut. In diesem Fall allerdings nicht, da mir nicht ganz klar war, worin mein Entwurf brüchig war und wo er verbessert werden könnte. Er spiegelte eher meine Beschreibung wieder, als dass er auf Probleme hinwieß.;1;4;0;Staatsexamen;5/18/2015;5/19/2015;5/29/2015;5/29/2015;ijaBKg;0;0;3;1,625;3
JGIvVu;0;1;22;2,25;2,5;2,5;2;2;0;,236263736263736;,230769230769231;,166666666666667;,214285714285714;,333333333333333;1;1;4;2;3;3;3;Ein genauerer Hinweis auf die Brüche im Text hätte die überarbeiten deutlich einfacher gemacht.;1;4;0;Staatsexamen;5/17/2015;5/19/2015;6/1/2015;6/1/2015;JGIvVu;1;0;2,75;2,25;2,75
jhgwzh;0;1;21;2,25;2;2;2;2;0;,258333333333333;,1;,416666666666667;,1;,416666666666667;1;0;4;2;3;3;2; ;1;4;0;Staatsexamen;5/15/2015;5/15/2015;5/21/2015;5/21/2015;jhgwzh;1;0;2,5;2;2,5
lqPdSk;1;1;24;2;,5;,5;1,5;1,5;0;,145833333333333;,125;,111111111111111;,125;,222222222222222;1;1;4;2;3;2;2; ;1;10;0;Staatsexamen;5/18/2015;5/18/2015;6/2/2015;6/2/2015;lqPdSk;1;0;2,25;1;2,25
oWHmgp;0;1;21;2,25;2,5;2,5;2,5;2,5;0;,374183006535948;,277777777777778;,470588235294118;,277777777777778;,470588235294118;0;0;4;2;4;3;3; ;1;4;0;Staatsexamen;5/15/2015;5/15/2015;5/28/2015;5/28/2015;oWHmgp;1;0;3;2,5;3
rxhrRZ;1;1;21;1,25;2;1,5;2,5;2,5;,5;,180555555555556;,111111111111111;,25;,111111111111111;,25;0;1;4;2;1;2;3; ;1;4;0;Staatsexamen;5/18/2015;5/18/2015;5/31/2015;5/31/2015;rxhrRZ;2;1;2;2,125;2
tPBSbP;1;1;20;2;1;1;1,5;1,5;0;,518939393939394;,5;,454545454545455;,666666666666667;,454545454545455;0;1;4;2;3;3;3;Ich konnte nicht wirklich identifizieren, welche Inhalte meiner Erklärung nicht korrekt waren, beziehungsweise konnte nicht nachvollziehen, wie das Ganze gegliedert war, und was sich worauf bezogen hat.;1;4;0;Staatsexamen;5/17/2015;5/17/2015;5/20/2015;5/20/2015;tPBSbP;2;1;2,75;1,25;2,75
xGxzKP;1;1;21;1,5;2;2;2;1,5;0;,248376623376623;,181818181818182;,142857142857143;,454545454545455;,214285714285714;0;1;4;2;2;2;2;"Es werden auch bestimmte Wörter aufgegriffen die zu Redewendungen gehören (so beispielsweise bei ""etwas im Kopf haben"" das Wort ""Kopf""). Dies ist für die Überarbeitung erstmal sehr irritierend.";1;4;0;Staatsexamen;5/13/2015;5/13/2015;5/28/2015;5/28/2015;xGxzKP;1;0;2;1,875;2
XoQWrB;0;1;21;2;2,5;2,5;2;2;0;,0982142857142857;,0714285714285714;,125;,0714285714285714;,125;1;1;4;2;2;3;2; ;1;4;0;Staatsexamen;5/17/2015;5/17/2015;6/1/2015;6/1/2015;XoQWrB;1;0;2,25;2,25;2,25
zJtCsC;2;1;36;2;2;1,5;1,5;1;,5;,139285714285714;,1;,214285714285714;,1;,142857142857143;1;4;5;2;2;3;3;Durch das Schaubild war ich mir nicht sicher ab wann es zu einem inhaltlichen Bruch, welcher überarbeitet werden musste gekommen ist. Die Frage die ich mir gestellt habe war, ob bei fehlender Kohäsion ein Punkt dann alleine aufgezeigt ist, oder ob es einer gewissen Anzahl an Verbindungen bedarf, die eine Überarbeitungen erforderlich machen oder nicht. Also z.B. pro Punkt 3 Verbindungen plus sind gut und alles darunter bedarf einer Neugestaltung des Textes.Ich wollte nicht mehr zurückklicken und hoffe ich habe dies in einem entsprechenden Hinweis nicht überlesen.;0;14;1;Staatsexamen;5/13/2015;5/13/2015;6/1/2015;6/1/2015;zJtCsC;2;0;2,5;1,5;2,5
zokwsD;1;1;27;1,5;1,5;1,5;1,5;1;0;,112103174603175;,142857142857143;,111111111111111;,0833333333333333;,111111111111111;0;0;5;2;2;2;2;Wie kann ein nicht denkender Computer Brüche in Argumentationsgängen feststellen? Das Feedback orientiert sich an verbalen Oberflächlichkeiten.;0;11;1;Staatsexamen;5/15/2015;5/15/2015;5/31/2015;5/31/2015;zokwsD;1;0;2;1,375;2
XamsqO;0;1;21;2,5;1;1;1,5;1,5;0;,266666666666667;,2;,333333333333333;,2;,333333333333333;1;1;5;2;3;4;3;Das Feedback ist schrecklich unspezifisch und es erklärt nicht, was es eigentlich kritisiert. D.h. man kann sich eventuell verbessern, wenn man zufällig das verbessert, was das Programm angekreidet hat. Oder man versteht das Programm falsch und verbessert etwas ganz anderes. Ich halte das für nicht sonderlich effektiv.;1;6;0;Staatsexamen;5/16/2015;5/16/2015;5/24/2015;5/24/2015;XamsqO;2;1;3;1,25;3
gfdmHL;0;1;22;3;,5;,5;2,5;2,5;0;,25;,333333333333333;,125;,416666666666667;,125;2;2;6;2;4;4;4;Die Software schien bei mir eine Vielzahl von Konzepten auszumachen, die die übersichtliche Darstellung der Konzepte und Kohärenzbrüche wie sie bei Kommilitonen von mir zustande kam unmöglich machte. Daher stand ich nur vor den Zahlen der 48 Konzepte und 5 Kohärenzbrüche. Da ich den Zahlen wenig Glauben schenke (48 Konzepte ist für Knapp 300 Wörter irgendwie schwer zu glauben), war das Feedback für mich überhaupt nicht hilfreich.;0;6;1;Staatsexamen;5/18/2015;5/18/2015;6/1/2015;6/1/2015;gfdmHL;2;0;3,5;1,5;3,5
LUgVqg;0;1;28;2,5;2,5;1,5;,5;,5;1;,153869047619048;,133333333333333;,0625;,357142857142857;,0625;2;3;6;2;3;3;3;Die Software hat die Anzahl der Konzepte und Kohärenzbrüche genannt. Wie meist, ist es so, dass man Fehler gerne übersieht, wenn man nicht direkt darauf hingewiesen wird, daher kann ich nicht wirklich bestätigen, dass die Überarbeitung viel Lerneffekt für mich hatte. Auch die positiven Aspekte, also die Konzepte wären interessant zu erfahren gewesen, da man manchmal Konzepte anschneidet ohne dies selbst zu erkennen.;0;15;0;Staatsexamen;5/18/2015;5/18/2015;6/1/2015;6/3/2015;LUgVqg;1;0;2,75;1,25;2,75
mieqFl;0;1;22;2;1,5;1,5;,5;,5;0;,166666666666667;,166666666666667;,0833333333333333;,333333333333333;,0833333333333333;0;1;6;2;3;3;3;"Die Rückmeldung ist leider zu unspezifisch, aus der bloßen Nennung einer Anzahl an sogenannten ""Kohärenzbrüchen"" ist nicht auf die offensichtlich ""falsche Stelle"" zu schließen.";0;6;1;Staatsexamen;5/14/2015;5/14/2015;5/29/2015;5/29/2015;mieqFl;2;0;2,75;1;2,75
rZIWoq;1;1;21;2;3,5;3,5;,5;,5;0;,266025641025641;,166666666666667;,333333333333333;,230769230769231;,333333333333333;0;2;6;2;4;2;2;Bei einer solch geringen Wortanzahl eine wissenschaftlich-niveauvolle Erklärung zu schreiben, ohne Kohärenzbrüche ist für mich schwierig, wenn nicht gar unmöglich.;0;6;1;Staatsexamen;5/16/2015;5/16/2015;5/25/2015;5/25/2015;rZIWoq;2;0;2,5;2;2,5
tLNZHu;0;1;24;2;2;1,5;,5;,5;,5;,161616161616162;,0909090909090909;,111111111111111;,222222222222222;,222222222222222;0;0;6;2;3;3;3;Es ist deshalb etwas schwer, weil man sich nicht sicher ist, nach welchem Prinzip der Text ausgewertet wird. Sind Kohärenzbrüche schon durch kleine grammatikalische Fehler wie die Kommasetzung gegeben, oder sucht das Programm nur nach dem Auftauchen und in Bezug setzen verschiedener Worte?  Es war auch nicht besonders leicht die 18 Konzepte in den 9 Sätzen ausfindig zu machen und es stellt sich die Frage in mir ob einfach jeder Teilsatz schon ein Konzept darstellt. Aber es ist ein sehr interessantes Programm und eine gute Idee!;0;8;0;Staatsexamen;5/17/2015;5/17/2015;5/31/2015;5/31/2015;tLNZHu;0;0;2,75;1,125;2,75
ZLFLDV;2;1;22;1,5;1,5;1,5;1,5;1,5;0;,245833333333333;,25;,2;,333333333333333;,2;0;1;6;2;1;3;1;"Brüche im Text zu identifizieren war für mich im Nachhinein kein Problem; zwischen wichtigen und unwichtigen Worte zu unterscheiden für die Software offenbar schon.";0;6;0;Staatsexamen;5/18/2015;5/18/2015;6/1/2015;6/1/2015;ZLFLDV;1;0;1,75;1,5;1,75
dykMBa;0;1;22;2;1;1;,5;,5;0;,258566433566434;,230769230769231;,230769230769231;,3;,272727272727273;0;1;6;2;3;3;3;-Kohärenzbrüche sind nicht markiert, müssen also selbst identifiziert werden.-da das Feedback maschinell erstellt wird, werden vermutlich auch Kohärenzbrüche identifiziert, die vom Leser nicht als Kohärenzbrüche wahrgenommen werden.-es wird angezeigt, wie;1;6;0;Staatsexamen;5/17/2015;5/17/2015;5/31/2015;5/31/2015;dykMBa;1;0;2,75;,75;2,75
fFZBVK;2;1;23;1,75;1;1;2,5;1,5;0;,139204545454545;,125;,0909090909090909;,25;,0909090909090909;1;2;6;2;2;2;1; ;1;6;1;Staatsexamen;5/14/2015;5/16/2015;5/23/2015;5/23/2015;fFZBVK;2;0;1,75;1,5;1,75
LIeBgf;2;1;23;2,25;3;3;,5;,5;0;,390151515151515;,333333333333333;,363636363636364;,5;,363636363636364;1;0;6;2;3;3;3;Die Darstellung im Schaubild macht das Feedback zwar übersichtlich und stellt Zusammenhänge zwischen verschiendenen Wörtern / Wortgruppen/ Wortfeldern her, jedoch finde ich es schwierig damit zu arbeiten, da man keine genaue Rückmeldung darüber erhält wie und wo genau man in seiner Erklärung Fehler oder problematische Kohärenzbrüche hat.;1;6;1;Staatsexamen;5/18/2015;5/18/2015;5/22/2015;5/22/2015;LIeBgf;2;0;2,75;1,75;2,75
qAVJTX;2;1;23;1,25;3,5;3,5;,5;,5;0;,21875;,25;,0625;,5;,0625;0;3;6;2;1;2;1; ;1;6;1;Staatsexamen;5/17/2015;5/17/2015;5/30/2015;5/30/2015;qAVJTX;2;0;1,5;2;1,5
vSDewz;1;1;21;2,25;1,5;1,5;2;2;0;,232142857142857;,142857142857143;,166666666666667;,285714285714286;,333333333333333;1;0;6;2;3;3;3;Da nur zwei Listen angezeigt wurden, ohne eine Erklärung um was es sich für Listen handelt, wusste ich nicht, was gut oder was schlecht an meinem Text war und was ich wie verändern soll.;1;6;1;Staatsexamen;5/12/2015;5/12/2015;5/26/2015;5/26/2015;vSDewz;1;0;2,75;1,75;2,75
XieqCT;0;1;23;2,25;1,5;1,5;2;2;0;,4;,5;,3;,5;,3;1;0;6;2;3;3;3; ;1;6;1;Staatsexamen;5/18/2015;5/18/2015;6/2/2015;6/2/2015;XieqCT;1;0;2,75;1,75;2,75
OTugKt;2;1;29;1,75;1,5;1;,5;,5;,5;,153700466200466;,0833333333333333;,181818181818182;,0769230769230769;,272727272727273;1;3;7;2;2;2;2; ;0;17;0;Staatsexamen;5/14/2015;5/14/2015;6/2/2015;6/2/2015;OTugKt;2;1;2;,875;2
FhgFVi;0;1;23;2;1,5;1,5;1,5;1;0;,101704545454545;,1;,0909090909090909;,125;,0909090909090909;0;2;7;2;3;3;3; ;1;8;0;Staatsexamen;5/18/2015;5/18/2015;5/20/2015;5/20/2015;FhgFVi;1;0;2,75;1,375;2,75
zeMrEX;2;1;25;2,25;1,5;1,5;2;1,5;0;,218560606060606;,0909090909090909;,0833333333333333;,5;,2;1;2;7;2;3;3;3; ;1;9;1;Staatsexamen;5/18/2015;5/18/2015;6/1/2015;6/1/2015;zeMrEX;1;0;2,75;1,625;2,75
kpcFtu;2;1;23;2,5;2;2;1;1;0;,285027472527473;,125;,428571428571429;,125;,461538461538462;2;1;8;2;3;3;2; ;0;8;1;Staatsexamen;5/17/2015;5/17/2015;6/1/2015;6/1/2015;kpcFtu;2;0;2,5;1,5;2,5
UpuddN;0;1;24;2,25;2;2;1;1;0;,456196581196581;,555555555555556;,384615384615385;,5;,384615384615385;1;2;8;2;3;3;3; ;0;8;1;Staatsexamen;5/18/2015;5/18/2015;6/1/2015;6/1/2015;UpuddN;2;0;2,75;1,5;2,75
vMMbFM;0;1;26;2,5;1;1;1;1;0;,208333333333333;,125;,25;,125;,333333333333333;0;0;8;2;4;4;4;Ich wusste nicht was ich mit dem Feedback anfangen sollte.Dort stand ich habe 17 Konzepte und der Text ist kohärent.Heißt das nun ich habe genug Konzepte reingebracht oder sind es zu wenig und war der Text nun richtig geschrieben?Das alles konnte ich mit dem Feedback nicht beantworten.;0;8;0;Staatsexamen;5/14/2015;5/14/2015;5/20/2015;5/20/2015;vMMbFM;0;0;3,5;1;3,5
bUdvic;0;1;24;2,25;2;2;2,5;2,5;0;,130494505494505;,0769230769230769;,214285714285714;,0769230769230769;,153846153846154;1;1;8;2;4;2;2;"Mein Feedback war: ""Sie haben 27 Konzepte und einen kohärenten Text geschrieben"". Damit konnte ich einfach nichts anfangen -  wie viele Konzepte sollen denn drin sein? Sind das nun viele oder wenig? Ich hatte schon alles drin, was ich für wichtig hielt. Mein Text war laut Feedback auch schon schön kohärent, also habe ich meinen Text nach dem Feedback unverändert abgeschickt. Irgendwie schade, ich war schon auf das Feedback und das überarbeiten gespannt, aber es hat mir einfach keinen guten Impuls zum Überarbeiten gegeben.";1;11;1;Staatsexamen;5/16/2015;5/16/2015;6/2/2015;6/2/2015;bUdvic;1;1;2,5;2,25;2,5
SHvhrR;0;1;23;1,25;1,5;1,5;3;3;0;,0792908072319837;,0588235294117647;,0454545454545455;,117647058823529;,0952380952380952;0;1;8;2;1;2;2;Die Anzahl der Kohärenzbrüche wird genannt. Der Ort der Brüche wird jedoch nicht angezeigt.;1;8;1;Staatsexamen;5/19/2015;5/19/2015;5/21/2015;5/21/2015;SHvhrR;2;0;1,75;2,25;1,75
xfobvO;1;1;26;2,25;1;1;1;1;0;,309848484848485;,272727272727273;,333333333333333;,3;,333333333333333;0;2;8;2;3;4;4; ;1;14;1;Staatsexamen;5/17/2015;5/17/2015;6/1/2015;6/1/2015;xfobvO;2;0;3,25;1;3,25
HuxTci;1;1;28;3,5;,5;,5;1;1;0;,194047619047619;,133333333333333;,214285714285714;,214285714285714;,214285714285714;4;2;10;2;4;4;4;"Der Zusammenhang aus der Liste mit warlos gewählten Wörtern und dem von mir verfassten Fließtext wird mir nicht ganz klar!Ich meine die Aufgabe gelöst zu haben, doch habe ich nicht verstanden was ich mit der ""Wörterliste"" anzufangen habe.";0;10;1;Staatsexamen;5/12/2015;5/12/2015;5/28/2015;5/28/2015;HuxTci;2;1;3,5;,75;3,5
BLXijC;2;1;24;1,75;2;2;2;2;0;,290503246753247;,3;,272727272727273;,375;,214285714285714;0;2;10;2;3;2;2;"Da es computergeneriert ist und nur auf bestimmte Worte zielt, wird eine Mind-Map zwar ersichtlich machen, wo welches Wort das erste Mal auftaucht, doch glaube ich irgendwie nicht, dass sie wirklich Zusammenhängen aufgreift. Sollte man nur beispielhaft bestimmte Worte aufgeführt haben, so würde das Programm es doch sicher nicht erkennen. Trotzdem ist es eine gute erste Möglichkeit Texte in einfachen Konstrukten  abzubilden.Mir war nur nicht nachvollziehbar, wie die Worte alle miteinander in Verbindung gebracht worden sind, wo sie doch teilweise soweit auseinander im Text standen, demnach wusste ich bei der Überarbeitung nicht wie ich die ""Verknotung"" richtig zu lösen hatte. Das Problem war also klar, nur der Weg zur Lösung nicht, weil ich die Problemerörterung nicht verstand.";1;6;0;Staatsexamen;5/18/2015;5/18/2015;6/1/2015;6/2/2015;BLXijC;1;0;2,25;2;2,25
hyWAAn;0;1;23;2,75;2;2;1,5;1;0;,303030303030303;,333333333333333;,166666666666667;,545454545454545;,166666666666667;1;0;7;3;4;3;3;Das Feedback ist schwer, da nicht dasteht, wo der Fehler (Kohäsionsbruch z.B.) sich befindet.;1;-8;0;Staatsexamen;5/14/2015;5/14/2015;5/19/2015;5/19/2015;hyWAAn;1;1;3,25;1,625;3,25
GwkPsg;0;1;25;3,25;1;1;3,5;3,5;0;,166208791208791;,214285714285714;,142857142857143;,153846153846154;,153846153846154;2;2;6;3;4;4;4;Ich bin mir nicht sicher, ob ich das ganze Feedback sehen konnte.Es kam nur die Meldung: Sie haben 24 Konzepte und 2 Kohäsionsbrüche in Ihrem...Danach ging der Satz weiter, aber ich konnte ihn nicht mehr sehen, fand aber auch keine Leiste zum scrollen.Daher wusste ich nicht sicher, ob eventuell noch weitere Informationen folgten.;1;-10;1;Staatsexamen;5/17/2015;5/17/2015;6/1/2015;6/1/2015;GwkPsg;1;1;3,75;2,25;3,75
ZBfrrr;0;1;20;2,5;1,5;1,5;,5;,5;0;,596103896103896;,8;,363636363636364;,857142857142857;,363636363636364;1;0;2;3;3;3;3;Es gibt keine genauen Hinweise.;1;-1;0;Staatsexamen;5/15/2015;5/15/2015;5/31/2015;5/31/2015;ZBfrrr;0;0;3;1;3
rUQcMt;0;1;24;2,25;1,5;1,5;1,5;1,5;0;,304227941176471;,125;,529411764705882;,125;,4375;0;1;1;3;3;3;4; ;1;9;0;Staatsexamen;5/19/2015;5/19/2015;6/2/2015;6/2/2015;rUQcMt;0;0;3,25;1,5;3,25
sSiPxt;1;1;21;2,5;2,5;2,5;2;2;0;,121239973262032;,181818181818182;,0588235294117647;,181818181818182;,0625;1;1;2;3;3;3;3;Ich konnte das Feedback nicht richtig auf meinen ersten Versuch anwenden, da ich aus den angezeigten Wörtern einfach nicht schlau geworden bin.;0;2;0;Staatsexamen;5/18/2015;5/18/2015;5/31/2015;5/31/2015;sSiPxt;1;0;3;2,25;3
ayMFYf;1;1;20;3,25;3;3;2;2;0;,327651515151515;,318181818181818;,291666666666667;,409090909090909;,291666666666667;3;0;2;3;4;3;2;Die Feedbackmethode der Liste war für mich nicht besonders leicht zu verstehen. Es war nicht besonders gut deutlich, für was die verschiedenen Splaten stehen und inwiefern die Wörter angeordnet waren. Meiner Meinung nach ist ein mündliches Feedback um einiges leichter zu verstehen. Schon ein ausfürhlicher Text hätte mir mehr geholfen. Die einzelnen Wörter in den Listen haben mir nicht besonders viel Antwort gegeben.;1;2;0;Staatsexamen;5/18/2015;5/19/2015;6/1/2015;6/1/2015;ayMFYf;1;0;3;2,5;3
BRcVBT;2;1;20;2,5;2;2;1,5;1,5;0;,176406926406926;,142857142857143;,166666666666667;,214285714285714;,181818181818182;1;2;2;3;3;3;3;Man weiß nicht genau, ob das mind map komplett zusammenhängen muss. Außerdem war es mir nicht klar, ob es ein gutes oder schlechtes Zeichen ist, wenn sich die Pfeile oft kreuzen. Ich glaube ganze Sätze hätten mir als Feedback mehr geholfen;1;2;0;Staatsexamen;5/16/2015;5/16/2015;6/1/2015;6/1/2015;BRcVBT;1;0;3;1,75;3
ENqcyT;0;1;20;2,75;,5;,5;1,5;1,5;0;,428165584415584;,428571428571429;,454545454545455;,375;,454545454545455;0;0;2;3;4;4;4;In dem feedback werden keine inhaltlichen Aspekte genannt. Man weiß nicht, auf welchen Teil des Textes es sich bezieht. Und Konzpete bei Erklären von Konzepten zu suchen ist auch etwas schwierig.;1;2;0;Staatsexamen;5/18/2015;5/18/2015;5/22/2015;5/22/2015;ENqcyT;0;0;3,75;1;3,75
giZtsY;0;1;19;3;1;1;1;1;0;,5;,545454545454545;,454545454545455;,545454545454545;,454545454545455;1;1;2;3;4;4;3;Das Feedback wurde nicht gesamt angezeigt und brach mitten in einem Wort ab.;1;2;0;Staatsexamen;5/16/2015;5/16/2015;5/31/2015;5/31/2015;giZtsY;1;0;3,5;1;3,5
gUSLvo;0;1;20;2,75;1,5;1,5;2,5;2,5;0;,296153846153846;,142857142857143;,357142857142857;,3;,384615384615385;1;0;2;3;3;4;4;"Durch die Nennung der Anzahl der Kohäsionsbrüche und der Konzepte war ich eher verwirrt, weil ich nicht genau wusste, was unter ""Konzept"" verstanden werden sollte. Außerdem wäre es mit Markierungen sehr viel einfacher gewesen, die Brüche zu identifizieren. Des Weiteren sind mir einige grammatikalische Fehler aufgefallen.";1;4;0;Staatsexamen;5/18/2015;5/18/2015;5/31/2015;5/31/2015;gUSLvo;0;0;3,5;2;3,5
kGFQzF;1;1;22;2,5;1,5;1,5;1;,5;0;,505952380952381;,428571428571429;,5;,428571428571429;,666666666666667;1;0;2;3;3;3;3;Ich fand es schwer zu erkennen, was ich falsch gemacht habe und dies mit Hilfe der Liste zu ändern. Es hat für mich nicht viel Sinn ergeben, vielleicht hätte das vorher besser erklärt werden müssen.;1;2;0;Staatsexamen;5/14/2015;5/19/2015;6/2/2015;6/2/2015;kGFQzF;1;0;3;1,125;3
VbAgzL;1;1;22;2,25;2;2;1;,5;0;,385353535353535;,444444444444444;,4;,333333333333333;,363636363636364;1;1;2;3;2;3;2;Leicht mit Feedback zu arbeiten ist es, wenn es auch gut beschrieben die einzelnen Fehler erklärt.;1;4;0;Staatsexamen;5/14/2015;5/17/2015;5/27/2015;5/27/2015;VbAgzL;2;0;2,5;1,375;2,5
ygZBcD;0;1;22;3;2,5;2,5;1,5;1,5;0;,245192307692308;,230769230769231;,25;,25;,25;1;2;2;3;4;4;3; ;1;10;0;Staatsexamen;5/18/2015;5/18/2015;5/31/2015;5/31/2015;ygZBcD;1;0;3,5;2;3,5
zyTYuD;1;1;20;2,75;1,5;1,5;1;1;0;,158441558441558;,2;,0909090909090909;,2;,142857142857143;0;1;2;3;4;4;4;Mir hat das Feedback nicht wirklich weiter geholfen. Ich habe versucht mit den Begriffen der Vorlesung die Erklärung zu schreiben, bin nur beim Thema Erklärung geblieben und trotzdem hat es mir die Brüche angezeigt.Ich konnte mit der Feedbackliste meine Erklärung auch nicht überarbeiten was ich eigentlich schade finde.;1;2;0;Staatsexamen;5/12/2015;5/12/2015;5/20/2015;5/20/2015;zyTYuD;0;0;3,75;1,25;3,75
eKvsPy;2;1;21;2,25;2;2;1;1;0;,100505050505051;,1;,0909090909090909;,111111111111111;,1;0;1;2;3;3;3;2; ;1;4;0;Staatsexamen;5/16/2015;5/16/2015;5/30/2015;5/30/2015;eKvsPy;0;0;2,75;1,5;2,75
KwvFov;1;1;20;2,75;3;2;2;2;1;,176696832579186;,352941176470588;,0769230769230769;,2;,0769230769230769;1;1;4;3;4;3;3;Die Arbeit mit dem Feedback fiel mir persönlich sehr schwer, da ich das Feedback ziemlich ungenau und unschlüssig finde. Es wurden nur einzelne Wörter, die man verwendet hat in einer Liste aufgeführt. Wenn man z.B. wichtige inhaltliche Details außer Acht gelassen hat, hat man diesbezüglich keinerlei Rückmeldung bekommen. Normalerweise sollte meiner Meinung nach ein Feedback schlüssiger sein und in ganzen Sätzen ausformuliert sein. Somit ist es für den Verfasser einfacher, Dinge zu überarbeiten.;0;4;1;Staatsexamen;5/13/2015;5/16/2015;5/19/2015;5/19/2015;KwvFov;1;0;3,25;2,25;3,25
nruitN;0;1;24;2,5;2,5;2,5;2,5;2,5;0;,212765522875817;,111111111111111;,294117647058824;,133333333333333;,3125;0;3;4;3;3;4;2;besonders schwer:Es stand ohne weitere Erklärung da wie viele Kohärenzbrüche und Konzepte im Text vorhanden waren. Für mich war das nicht wirklich ein Feedback auf dessen Grundlage ich meinen Text weiter verbessern konnte.Besonders da nicht angegeben war ob der Text nun gut oder schlecht war bzw. ob die Erklärung gut oder schlecht war.;0;6;0;Staatsexamen;5/18/2015;5/18/2015;6/1/2015;6/1/2015;nruitN;2;0;3;2,5;3
QfMuBe;1;1;21;3,25;3;3;,5;,5;0;,142857142857143;,142857142857143;,142857142857143;,142857142857143;,142857142857143;3;1;4;3;3;4;4;"Ich habe nicht wirklich verstanden was mir das Feedback sagen wollte. Eine Identifikation der ""Fehler"" in dem Text selber (großer Zeilenabstand und die Korrektur dazwischen) wäre verständlicher gewesen.";0;4;0;Staatsexamen;5/18/2015;5/18/2015;5/30/2015;5/30/2015;QfMuBe;1;0;3,5;1,75;3,5
RMczzi;0;1;21;3,75;1;1;1;1;0;,145833333333333;,166666666666667;,125;,166666666666667;,125;4;1;4;3;4;4;4; ;0;4;0;Staatsexamen;5/18/2015;5/18/2015;6/2/2015;6/2/2015;RMczzi;2;0;3,75;1;3,75
vIZfhq;0;1;20;3,5;2;2;1;,5;0;,260416666666667;,375;,166666666666667;,333333333333333;,166666666666667;3;1;4;3;4;4;4;Ich habe nicht verstanden auf welche Sätze, etc sich das Feedback jeweils bezog.;0;4;0;Staatsexamen;5/12/2015;5/12/2015;5/31/2015;5/31/2015;vIZfhq;0;0;3,75;1,375;3,75
wwpDOD;1;1;19;2,75;2,5;2;3;3;,5;,0972222222222222;,0833333333333333;,111111111111111;,0833333333333333;,111111111111111;1;1;4;3;4;3;3; ;0;4;0;Staatsexamen;5/18/2015;5/18/2015;6/1/2015;6/1/2015;wwpDOD;2;0;3,25;2,625;3,25
cpJvxq;2;1;20;3;1,5;2,5;2,5;2,5;-1;,0861888111888112;,0769230769230769;,0769230769230769;,1;,0909090909090909;2;0;4;3;4;3;3;Die Concept-Map beim Feedback war etwas irreführend. Ein computergesteuertes Feedback hat auf jeden Fall nicht den gleichen Wert, wie ein persönliches Feedback.Ich konnte nicht sehen, was an meinem Entwurf schlecht ist, da die Verbindungen in der Concept-Map halbwegs Sinn gemacht haben.;0;0;0;Staatsexamen;5/16/2015;5/16/2015;5/20/2015;5/20/2015;cpJvxq;0;0;3,25;2,25;3,25
BmcMDv;0;1;22;2,25;2,5;2,5;1;,5;0;,182478632478632;,2;,153846153846154;,222222222222222;,153846153846154;0;2;4;3;3;3;3; ;1;4;0;Staatsexamen;5/14/2015;5/17/2015;5/27/2015;5/28/2015;BmcMDv;1;0;3;1,625;3
btBqmu;0;1;22;2,25;2,5;2,5;1,5;1,5;0;,207456140350877;,15;,166666666666667;,263157894736842;,25;1;2;4;3;3;2;3;Die Anzahl der Konzepte war angegeben. Es war jedoch nicht angegeben, ob diese Zahl im Rahmen der Aufgabe liegt bzw. zu groß/zu klein ist. Da nicht genau genannt wurde, an welche Stellen Brüche auftauchen, war es zwar teilweise hilfreich, sich tatsächlich noch einmal mit dem ganzen Text auseinander zu setzen, teilweise endete dies aber auch in willkürlichem Einfügen von Überlappungen bei der Bearbeitung.;1;4;0;Staatsexamen;5/14/2015;5/15/2015;6/1/2015;6/1/2015;btBqmu;1;1;2,75;2;2,75
cmFccM;1;1;21;2,5;3;1,5;1,5;1;1,5;,261217948717949;,333333333333333;,230769230769231;,25;,230769230769231;0;2;4;3;4;3;4;Die Kohärenzbrüche waren meiner Meinung nach nicht deutlich erkennbar, es schien, als wären bloß einige Stichworte aus dem Zusammenhang in Listen eingefügt worden. Ich habe dahinter leider den Sinn nicht verstanden.;1;4;0;Staatsexamen;5/13/2015;5/13/2015;5/24/2015;5/24/2015;cmFccM;1;0;3,5;1,75;3,5
cVUKxB;2;1;22;3;1;1;,5;,5;0;,443181818181818;,272727272727273;,5;,5;,5;3;2;4;3;3;3;3; ;1;2;0;Staatsexamen;5/14/2015;5/14/2015;5/25/2015;5/25/2015;cVUKxB;0;0;3;,75;3
FiXAPR;2;1;19;2,75;1,5;1;,5;,5;,5;,188392857142857;,125;,142857142857143;,2;,285714285714286;2;0;4;3;3;3;3;Meiner Meinung nach war es nicht einfach Informationen aus dem Diagramm für meinen Text zu ziehen. Daher ist es mir sehr schwer gefallen den Text mit dem Feedback zu überarbeiten.;1;4;0;Staatsexamen;5/14/2015;5/19/2015;6/3/2015;6/3/2015;FiXAPR;1;0;3;,875;3
fZRlVm;0;1;19;2;3;3;1;,5;0;,282954545454545;,2;,181818181818182;,25;,5;0;2;4;3;2;3;4;Es werden nicht die Stellen angezeigt, an denen die Software Probleme hat/ Kohärenzbrüche findet. Einem selber fallen die Stellen nicht auf, da man den Text kennt und alle Schritte logisch findet.;1;4;0;Staatsexamen;5/12/2015;5/12/2015;5/19/2015;5/19/2015;fZRlVm;1;0;3;1,875;3
GKpLAa;2;1;19;2,5;2;2;3,5;3,5;0;,125582750582751;,0909090909090909;,166666666666667;,0909090909090909;,153846153846154;1;1;4;3;3;3;3;Die Grafik der Kohäsion ist sehr klein und unübersichtlich. Es war schwer zu erkennen, welche Konzepte verbunden waren und welche nicht. Ebenfalls wäre es besser, wenn die Wörter automatisch gezählt würden.;1;4;0;Staatsexamen;5/17/2015;5/17/2015;5/31/2015;5/31/2015;GKpLAa;1;0;3;2,75;3
hwpRSd;0;1;22;2,25;4;4;1,5;1,5;0;,148351648351648;,0714285714285714;,153846153846154;,214285714285714;,153846153846154;0;2;4;3;3;3;3;Ich konnte nichts mit dem Feedback anfangen. Es gibt mir zwar die Anzahl der Kohärenzbrüche an, diese dann aber selber zu identifizieren fand ich schwer. Ich hatte das Gefühl, dass sich die Qualität meines Textes durch die Überarbeitung nicht verbesser hat, sondern dass ich nur hier und da noch ein Wort eingefügt oder abgeändert habe, was an sich unnötig war. Auch die Angabe der Konzepte hat mir nicht weiter geholfen. Ist 24 nun eine hohe oder niedrige Zahl an Konzepten? Und was bedeutet diese Zahl für meine Erklärung? Das Feedback hat mir also nicht wirklich geholfen.;1;4;0;Staatsexamen;5/16/2015;5/16/2015;5/31/2015;5/31/2015;hwpRSd;1;0;3;2,75;3
oANNxs;2;1;21;2,5;3;3;2;1,5;0;,160069444444444;,0625;,111111111111111;,3;,166666666666667;1;2;4;3;3;3;3; ;1;4;0;Staatsexamen;5/18/2015;5/18/2015;6/1/2015;6/1/2015;oANNxs;1;0;3;2,375;3
OckWzd;2;1;21;2,5;,5;,5;1,5;1,5;0;,183838383838384;,0909090909090909;,222222222222222;,2;,222222222222222;1;0;4;3;3;3;1; ;1;4;0;Staatsexamen;5/19/2015;5/19/2015;6/1/2015;6/1/2015;OckWzd;0;0;2,5;1;2,5
pqRAXS;2;1;22;3;1,5;1,5;1,5;1,5;0;,247222222222222;,111111111111111;,1;,555555555555556;,222222222222222;2;1;4;3;4;3;3;meine Kommilitonen haben eine andere Art von Feedback erhalten, was leider sehr verwirrend war. Zudem hat das Programm zum Beispiel nicht vollständig erkannt, dass ich ähnliche Wörter und Verbindungswörter verwendet habe;1;4;0;Staatsexamen;5/13/2015;5/17/2015;5/31/2015;5/31/2015;pqRAXS;1;0;3,25;1,5;3,25
QunIzW;1;1;23;3;2;1,5;1;1;,5;,28125;,166666666666667;,25;,375;,333333333333333;2;0;4;3;4;3;4;Ich finde es generell schwierig mit einem computerbasierten Feedbackprogramm zu arbeiten. Ich kann mir vorstellen, dass es ein enormer (und wahrscheinlich nicht zu bewältigender) Arbeitsaufwand wäre, ein persönliche Rückmeldung zu geben. Trotzdem würde ich mir dies wünschen, da so auf individuelle Fehler und Probleme eher eingegangen werden kann.;1;4;0;Staatsexamen;5/15/2015;5/16/2015;5/21/2015;5/21/2015;QunIzW;2;0;3,5;1,375;3,5
RDIZtY;1;1;21;2,25;2;2;1,5;1,5;0;,133333333333333;,111111111111111;,111111111111111;,2;,111111111111111;0;0;4;3;3;3;3;Die Anordnung des Feedbacks in Spalten finde ich nicht gelungen. Aus der Aufteilung der Wörter in verschiedene Spalten geht nicht hervor, wo genau die Probleme in der Formulierung der Erklärung liegen. Es fällt einigermaßen leicht, Synonyme zu eliminieren, allerdings isoliert das Computerprogramm auch solche Worte, die keine zentralen Konzepte des Erklärens bezeichnen, sondern nur Teil meines sprachlichen Ausdrucks sind.;1;4;0;Staatsexamen;5/18/2015;5/18/2015;5/23/2015;5/23/2015;RDIZtY;1;0;3;1,75;3
SkSYlB;2;1;19;2,5;2;2;1;1;0;,241258741258741;,230769230769231;,0909090909090909;,461538461538462;,181818181818182;1;0;4;3;3;3;3;"Da das Feedback lediglich aus einer Concept Map besteht, ist es nicht einfach herauszufinden, was genau an der Erklärung falsch ist. Die Kohäsionsbrüche waren nicht immer eindeutig, da zum Teil bereits lediglich ein Synonym einen neuen nicht vernetzten ""Ast"" darstellte.";1;4;0;Staatsexamen;5/15/2015;5/15/2015;5/22/2015;5/22/2015;SkSYlB;2;0;3;1,5;3
tHanED;1;1;21;2,5;3;3;2;2;0;,274038461538462;,461538461538462;,125;,384615384615385;,125;1;1;4;3;3;3;2;"Diese Art des Feedbacks finde ich nicht besonders förderlich, um die Qualität des Entwurfs zu erhöhen. Da das ""Feedback"" eben keine Rückmeldung über die Qualität des Textes gibt: Weder über die verwendete Sprache noch über eventuell fehlende Inhalte.Das macht es schwer Verbesserungen vorzunehmen - ich sehe zwar meine Kohärenzbrüche in der Tabelle... aber was wenn ich diese als tatsächlich nicht existent empfinde?Oder wenn das so gewollt ist?Ein ausformuliertes Feedback hätte mir mehr weitergeholfen (auch wenn das sehr aufwendig zu realisieren ist).";1;6;0;Staatsexamen;5/13/2015;5/18/2015;5/28/2015;5/31/2015;tHanED;2;0;2,75;2,5;2,75
tRIeha;2;1;23;3,75;3;3;,5;,5;0;,122222222222222;,1;,0833333333333333;,222222222222222;,0833333333333333;4;0;4;3;4;4;4;"Da es sich bei der hier zu erbringenden Aufgabe um niedergeschriebende Gedankengänge handelt, sehe ich keinen Sinn darin, diese von einem Computer korrigieren zu lassen. Bei Texten handelt es sich nicht um Zahlen, die entweder richtig oder falsch eingefügt werden können und deren Richtigkeit somit durchaus über eine Software errechnet werden kann. Es handelt sich vielmehr um ganze Sätze und Gedangenkonstrukte, die in ihrer Gesamtheit betrachtet und beurteilt werden müssten. Diese Aufgabe kann keine Maschine übernehmen. Das Feedback, bestehend aus einer mind map, in der einzelne Worte meines Textes miteinander in Beziehung gesetzt wurden, brachte mich in meiner Überarbeitungsphase um keinen Schritt weiter.Als angehende Lehrerin frage ich mich, ob wir Studierende dieses Korrektursystem als Anregung für später nutzen sollen, um unsere eigene Korrekturzeit zu verringern. Wenn ja, möchte ich mir nicht ausmalen, wie unser Bildungssystem in 20 Jahren aussieht. Heißt die Antwort auf meine Frage jedoch ""nein"", frage ich mich weiter, welchen Nutzen wir sonst aus dieser Aufgabe ziehen können. Schließlich ist sie Teil einer Veranstaltung, die zumindest durch den Titel noch erahnen lässt, dass es sich hier um Schulpädagogik handeln sollte und uns folglich auf unsere bevorstehende Lehrerlaufbahn vorbereiten sollte. Vielleicht helfen diese Zeilen ja als Anregung für nachfolgende Kurse. ;)";1;4;0;Staatsexamen;5/14/2015;5/18/2015;6/1/2015;6/1/2015;tRIeha;1;0;3,75;1,75;3,75
tWkodo;0;1;22;2,5;1;1;2,5;2,5;0;,249728487886383;,105263157894737;,222222222222222;,1;,571428571428571;1;2;4;3;3;3;3;"Es wäre besser, wenn das Feedback noch etwas genauer wäre, d.h., an welchen Stellen genau denn ""Brüche"" etc. noch vorhanden sind. So weiß man nur, dass die Kohärenz noch nicht perfekt ist, aber es ist schwer herauszufinden, auf welche Stellen im Feedback genau Bezug genommen wird.";1;6;0;Staatsexamen;5/14/2015;5/14/2015;5/26/2015;5/26/2015;tWkodo;1;0;3;1,75;3
UGUTMe;0;1;21;1,75;2;2;2,5;2,5;0;,17687908496732;,117647058823529;,25;,117647058823529;,222222222222222;0;0;4;3;2;2;2; ;1;6;0;Staatsexamen;5/17/2015;5/17/2015;5/26/2015;5/26/2015;UGUTMe;2;0;2,25;2,25;2,25
UWywqf;2;1;21;2;2;2;2,5;2,5;0;,309294871794872;,454545454545455;,0833333333333333;,545454545454545;,153846153846154;0;2;4;3;3;2;2; ;1;4;0;Staatsexamen;5/18/2015;5/18/2015;6/1/2015;6/1/2015;UWywqf;1;1;2,5;2,25;2,5
WTbUsI;1;1;20;3;2,5;2,5;1,5;1,5;0;,115909090909091;,1;,0909090909090909;,181818181818182;,0909090909090909;3;1;4;3;3;3;3;Es macht es meiner Meinung nach deshalb schwer, da es schwer verständlich ist!;1;4;0;Staatsexamen;5/16/2015;5/16/2015;5/28/2015;5/28/2015;WTbUsI;1;0;3;2;3
xklkJz;2;1;20;2,5;1;1;2,5;2,5;0;,171328671328671;,0909090909090909;,0769230769230769;,363636363636364;,153846153846154;2;1;4;3;2;3;1; ;1;4;0;Staatsexamen;5/18/2015;5/18/2015;6/1/2015;6/1/2015;xklkJz;0;1;2,25;1,75;2,25
Ymeejf;1;1;22;2,75;2;2;3;2,5;0;,1375;,1;,0625;,2;,1875;1;0;4;3;4;3;3;Für mich war die Erklärung zur Überarbeitung nicht eindeutig verständlich, da ich in meinem Feedback nicht eindeutig verschiedene Listen oder Spalten unterscheiden konnte.Ansonsten war die Software gut zu benutzen.;1;5;0;Staatsexamen;5/15/2015;5/15/2015;5/21/2015;5/21/2015;Ymeejf;2;0;3,25;2,375;3,25
ZCylCO;2;1;21;2,25;1;1;,5;,5;0;,0614606150344473;,0526315789473684;,0434782608695652;,0588235294117647;,0909090909090909;1;1;4;3;3;2;1;Das Feedback war schwer, weil ich noch nie mit einer solchen Art Feedback gearbeitet habe und ich deswegen nicht einschätzen konnte, inwieweit ich den Text verändern sollte, um eine Verbesserung zu erreichen.;1;4;0;Staatsexamen;5/18/2015;5/18/2015;5/19/2015;5/19/2015;ZCylCO;1;1;2,25;,75;2,25
CtJQvm;1;1;23;3,25;1;1;1,5;1;0;,163510101010101;,222222222222222;,0909090909090909;,25;,0909090909090909;2;2;6;3;4;4;3;"Das Feedback scheint ein wenig willkürlich zu sein, der Kohäsionsbruch von ""der Lehrende"" zu ""dem Lehrenden"" ist mir zum Beispiel nicht wirklich klar.";0;6;0;Staatsexamen;5/18/2015;5/18/2015;6/2/2015;6/2/2015;CtJQvm;1;1;3,5;1,125;3,5
EHvinm;0;1;24;3;2,5;2,5;2,5;2,5;0;,254861111111111;,333333333333333;,2;,375;,111111111111111;1;1;6;3;4;4;4;"Man weiß leider nicht im geringsten worauf es sich bezieht. Menschliches Feedback ist dann doch angenehmer als standardisiertes ""Such-deinen-Fehler"" Feedback.";0;6;0;Staatsexamen;5/18/2015;5/18/2015;6/1/2015;6/1/2015;EHvinm;2;0;3,75;2,5;3,75
ITTigG;1;1;24;2,25;2;1;2;1,5;1;,25206043956044;,25;,142857142857143;,307692307692308;,307692307692308;0;1;6;3;3;3;3;Ich habe das Feedback nicht ganz verstanden.Ein Beispiel wäre angebracht gewesen.;0;8;1;Staatsexamen;5/14/2015;5/18/2015;5/19/2015;5/19/2015;ITTigG;2;1;3;1,625;3
kZypGX;0;1;25;2,5;2,5;2;1,5;1;,5;,126182099634112;,105263157894737;,117647058823529;,1;,181818181818182;1;1;6;3;3;3;3;Nur ein kurzer Satz im Feedback. Gut, dass man weiß ob der Text kohärent ist oder nicht. Schwer mit der Zahl der Konzepte etwas anzufangen.;0;8;0;Staatsexamen;5/13/2015;5/13/2015;5/19/2015;5/19/2015;kZypGX;2;1;3;1,75;3
QtGcWm;0;1;22;3,75;2;1,5;,5;,5;,5;,248251748251748;,230769230769231;,181818181818182;,307692307692308;,272727272727273;4;1;6;3;4;4;4;der kryptische Hinweis x Kohärenzbrüche und x Konzepte zu haben, die durch das verbessern nicht weniger bzw. mehr werden.;0;6;0;Staatsexamen;5/18/2015;5/18/2015;6/1/2015;6/1/2015;QtGcWm;1;1;3,75;1,125;3,75
XPPjvF;0;1;21;2,5;1,5;1,5;3;2,5;0;,267316017316017;,272727272727273;,166666666666667;,357142857142857;,272727272727273;1;2;6;3;3;3;3;x Konzepte und y Kohärenzbrüche sagt mir nicht so besonders viel. Ich hätte gerne exemplarisch eine Stelle herausgepickt, die mir zeigt, auf was ich achten muss.;0;6;1;Staatsexamen;5/13/2015;5/13/2015;5/19/2015;5/19/2015;XPPjvF;2;0;3;2,125;3
ADfItL;2;1;22;2,75;2;2;1,5;1,5;0;,179166666666667;,166666666666667;,1;,25;,2;1;2;6;3;4;3;3;Das Feedback erkennt nicht alle Verbindungen, die zum Beispiel durch Pronomen hergestellt werden und greift teilweise für die Erklärung nicht bedeutsame Begriffe auf.;1;6;1;Staatsexamen;5/13/2015;5/13/2015;5/29/2015;5/29/2015;ADfItL;1;0;3,25;1,75;3,25
aWtGbX;2;1;21;2,5;2;2;2;1,5;0;,428571428571428;,571428571428571;,285714285714286;,571428571428571;,285714285714286;1;0;6;3;3;3;3; ;1;6;0;Staatsexamen;5/18/2015;5/18/2015;6/2/2015;6/2/2015;aWtGbX;1;1;3;1,875;3
DFgMPD;0;1;28;3;1,5;1,5;1;1;0;,113839285714286;,125;,0714285714285714;,1875;,0714285714285714;1;1;6;3;4;4;3;Das Thema der Konzepte habe ich nicht wirklich verstanden. Schön wäre, wenn die Autokorrektur während des Überarbeitens sich verändern würde. Zumindest in der Anzahl der aufgeführten Kritikpunkte.;1;12;0;Staatsexamen;5/18/2015;5/18/2015;5/25/2015;5/25/2015;DFgMPD;1;0;3,5;1,25;3,5
ephvDQ;0;1;21;2,5;2;2;2;2;0;,333639705882353;,3125;,294117647058824;,375;,352941176470588;1;0;6;3;3;3;3;Feedback sehr allgemein gehalten.;1;6;1;Staatsexamen;5/13/2015;5/13/2015;5/20/2015;5/20/2015;ephvDQ;1;0;3;2;3
ffKHju;1;1;23;3;,5;,5;1,5;1,5;0;,184432234432234;,230769230769231;,133333333333333;,230769230769231;,142857142857143;1;0;6;3;4;4;3;"Teilweise waren die Wörter in der Liste nicht wirklich Konzepte sondern Teile meiner Erklärung, wie zum Beispiel ""Lehrender"", was gar nicht Teil meiner Erklärung sein sollte. Ich hatte im Feedback jetzt kein einziges Wort. Heißt das dann, dass meine erster Entwurf schon relativ gut war?";1;8;0;Staatsexamen;5/16/2015;5/16/2015;5/21/2015;5/21/2015;ffKHju;2;1;3,5;1;3,5
gFVwWK;1;1;23;2,5;2;2;1;1;0;,0785984848484848;,0416666666666667;,0909090909090909;,0909090909090909;,0909090909090909;0;2;6;3;3;4;1;Ich finde, dass das Feedback wenig über die Qualität des Textes aussagt. Es zeigt lediglich wo Brüche sind.. ob ich eine richtige Erklärung abgegeben habe bzw. wie verständlich diese war, blieb mir noch offen;1;8;1;Staatsexamen;5/16/2015;5/17/2015;5/23/2015;5/23/2015;gFVwWK;2;0;2,75;1,5;2,75
hwDjkd;2;1;23;1,5;2;2;1;,5;0;,198412698412698;,285714285714286;,111111111111111;,285714285714286;,111111111111111;0;1;6;3;1;2;0;Ich fand das Konzept des Feedbacks ziemlich gut, da man eigene Brüche erkennen konnte und somit Schwächen des eigenen Textes gut identifizieren konnte. Neben den Schwächen zeigt es aber auch bereits gut verknüpfte Wortfelder, die man so belassen kann. Ich finde es schade, dass man den Text nur einmal überarbeiten konnte.;1;6;1;Staatsexamen;5/18/2015;5/18/2015;6/1/2015;6/1/2015;hwDjkd;0;0;1,5;1,375;1,5
iNaimB;2;1;23;2,25;2;2;,5;,5;0;,175;,125;,125;,2;,25;0;1;6;3;3;3;2; ;1;8;0;Staatsexamen;5/19/2015;5/19/2015;6/5/2015;6/5/2015;iNaimB;1;0;2,75;1,25;2,75
PAFWbv;1;1;22;2,5;2,5;2,5;1,5;1,5;0;,196451465201465;,133333333333333;,125;,384615384615385;,142857142857143;0;2;6;3;4;3;2;"Das Feedback war für mich ungewohnt schwer, weil es sich dabei nicht um ein individuelles Feedback gehandelt hat und es nicht in ganzen Sätzen geschrieben war. Ich war mir nicht sicher, ob mein Text tatsächlich solche Brüche hatte oder das ""System"" sie einfach als solche identifiziert hat.";1;6;1;Staatsexamen;5/18/2015;5/18/2015;5/20/2015;5/20/2015;PAFWbv;0;0;3;2;3
qAPlws;1;1;22;2,25;3;1,5;2,5;2;1,5;,401898101898102;,2;,615384615384615;,363636363636364;,428571428571429;0;1;6;3;3;3;3; ;1;10;0;Staatsexamen;5/17/2015;5/17/2015;5/28/2015;5/28/2015;qAPlws;1;0;3;2,25;3
RUhVSs;1;1;21;2,75;1;1;1;1;0;,208333333333333;,0833333333333333;,333333333333333;,0833333333333333;,333333333333333;2;2;6;3;4;2;4;Ich habe ehrlich gesagt, dass Feedback nicht hilfreich gefunden und hoffe, die Aufgabe auch so richtig gelöst zu haben.;1;6;0;Staatsexamen;5/14/2015;5/14/2015;6/2/2015;6/2/2015;RUhVSs;2;1;3,25;1;3,25
SKUIUM;1;1;22;1,75;1;1;2;2;0;,244123931623932;,111111111111111;,307692307692308;,25;,307692307692308;0;1;6;3;2;2;3; ;1;6;1;Staatsexamen;5/18/2015;5/18/2015;5/31/2015;5/31/2015;SKUIUM;0;0;2,5;1,5;2,5
sxdAit;0;1;22;2,25;2;2;,5;,5;0;,258823529411765;,2;,3;,235294117647059;,3;0;2;6;3;3;3;3;Die Nennung wie viele Konzepte in dem Text vorhanden sind ist verwirrend;1;6;1;Staatsexamen;5/14/2015;5/14/2015;5/29/2015;5/29/2015;sxdAit;2;0;3;1,25;3
xWlWmb;1;1;24;2,25;3,5;3,5;1;,5;0;,0763157894736842;,1;,0526315789473684;,1;,0526315789473684;0;0;6;3;3;3;3;Bei mir waren einfach nur die Wörter meiner Abhandlung untereinander aufgelistet. Es gab keine weitere Spalte. Deshalb war ich mir jetzt nicht sicher, ob ich die Anforderung erfüllt habe. Vielleicht könnte man das Feedback in Form von Smileys oder durch eine andere Farbe wie rot oder so makieren.;1;8;0;Staatsexamen;5/12/2015;5/12/2015;5/19/2015;5/19/2015;xWlWmb;2;0;3;2,125;3
ynzzHo;1;1;23;2,5;2,5;2,5;1;,5;0;,32457264957265;,2;,346153846153846;,444444444444444;,307692307692308;0;1;6;3;4;3;4;Die Schlüsselwörter kann ich selber aus meinem Text identifizieren. Dazu brauche ich keine elektronische Maschine.Doch die Kohärenzbrüche waren mir durch Auflistung der prägnantesten Wörter nicht wirklicichtlich ersichtlich.;1;7;0;Staatsexamen;5/18/2015;5/19/2015;6/1/2015;6/1/2015;ynzzHo;1;0;3,5;1,625;3,5
cLsjnl;2;1;24;2,5;3;2,5;,5;,5;,5;,391666666666667;,266666666666667;,416666666666667;,466666666666667;,416666666666667;1;0;8;3;3;3;2; ;1;8;1;Staatsexamen;5/17/2015;5/17/2015;5/23/2015;5/23/2015;cLsjnl;1;0;2,75;1,625;2,75
FnFPRf;0;1;33;2,25;1;1;2;1,5;0;,248763736263736;,3;,214285714285714;,25;,230769230769231;0;2;8;3;3;3;3;Das Feedback war zu knapp.;1;8;0;Staatsexamen;5/18/2015;5/19/2015;5/30/2015;6/2/2015;FnFPRf;2;0;3;1,375;3
vXkxjr;1;1;23;2,5;1,5;1,5;2;1,5;0;,079458041958042;,0666666666666667;,0769230769230769;,0833333333333333;,0909090909090909;1;2;8;3;3;3;3; ;1;8;1;Staatsexamen;5/15/2015;5/15/2015;5/31/2015;5/31/2015;vXkxjr;2;0;3;1,625;3
WEJiKa;2;1;22;2,25;2;2;1;1;0;,228021978021978;,0714285714285714;,230769230769231;,0714285714285714;,538461538461538;0;1;8;3;3;3;3; ;1;8;0;Staatsexamen;5/18/2015;5/18/2015;5/31/2015;5/31/2015;WEJiKa;1;0;3;1,5;3
fZijme;0;1;26;2,5;2,5;2,5;,5;,5;0;,260714285714286;,214285714285714;,2;,428571428571429;,2;1;1;9;3;3;3;3; ;0;11;0;Staatsexamen;5/15/2015;5/15/2015;5/22/2015;5/22/2015;fZijme;2;1;3;1,5;3
pzTdzb;1;1;25;3;2,5;2,5;1;1;0;,215384615384615;,2;,230769230769231;,2;,230769230769231;2;2;9;3;3;4;3;Der Aufgabentext ist nicht sehr klar.;0;11;0;Staatsexamen;5/18/2015;5/18/2015;5/31/2015;5/31/2015;pzTdzb;2;0;3,25;1,75;3,25
VvDOBT;2;1;26;2,25;1;1;1,5;1;0;,202457264957265;,0833333333333333;,230769230769231;,111111111111111;,384615384615385;0;1;9;3;3;3;3;"Ich hatte zum Beispiel keine einzelnen Wörter ohne Verbindung, also ohne Kohärenzbrüche, was soll ich dann genau verbessern? Das ""feedback"" gibt keine Angabe darüber was schlecht, bzw was gut ist an dem Text. Ein Mindmap mit den Gesichtspunkten halte ich für kein wirkliches feedback.";1;14;1;Staatsexamen;5/13/2015;5/18/2015;5/31/2015;5/31/2015;VvDOBT;1;0;3;1,125;3
jxFQml;0;1;25;2,5;1,5;2;,5;,5;-,5;,367559523809524;,428571428571429;,333333333333333;,375;,333333333333333;1;2;10;3;3;3;3;Markierung der Brüche im Text wäre sehr hilfreich.;0;12;1;Staatsexamen;5/18/2015;5/18/2015;5/31/2015;5/31/2015;jxFQml;1;1;3;1,125;3
mZYEjQ;1;1;27;3,25;2,5;2,5;1;1;0;,0702380952380952;,0714285714285714;,0666666666666667;,0714285714285714;,0714285714285714;1;2;2;4;4;4;1;Ich konnte dem Feedback nicht entnehmen, ob ich die Konzepte vollständig behandelt habe. Lediglich war zu erkennen, dass ( so meine Interpretation da nur eine Liste angezeigt wurde) keine Kohärenzbrüche gegeben waren. Es war mir jedoch nicht möglich zu erkennen, was genau ich an meinem Text nun hätte überarbeiten können - obwohl ich das sehr gerne gewusst und getan hätte!;0;15;0;Staatsexamen;5/17/2015;5/17/2015;6/1/2015;6/1/2015;mZYEjQ;0;0;3,25;1,75;3,25
BaYddq;1;1;20;3,25;2;2;3,5;3,5;0;,243589743589744;,333333333333333;,153846153846154;,333333333333333;,153846153846154;1;1;2;4;4;4;3; ;1;2;0;Staatsexamen;5/18/2015;5/18/2015;6/1/2015;6/1/2015;BaYddq;0;0;3,75;2,75;3,75
GZdcEZ;1;1;21;3;1,5;1,5;1;1;0;,229166666666667;,166666666666667;,25;,25;,25;2;0;2;4;3;3;3; ;1;2;0;Staatsexamen;5/15/2015;5/15/2015;5/26/2015;5/26/2015;GZdcEZ;0;0;3,25;1,25;3,25
mIfHEZ;1;1;20;3;0;0;,5;,5;0;,191287878787879;,125;,181818181818182;,125;,333333333333333;0;1;2;4;4;4;4;Das Feedback hat die Stichpunkte aufgezeigt, die ich als Inhalt für meine Erklärung aufzeigen wollte.Das Feedback hat mir meinen geschriebenen und gewünschten Inhalt angezeigt, so dass ich nciht wusste wie genau ich die Punkte, die ich nennen möchte verbessern sollte.;1;2;0;Staatsexamen;5/14/2015;5/14/2015;5/27/2015;5/27/2015;mIfHEZ;1;1;4;,25;4
MZJJiG;0;1;19;3,5;3;3;1;1;0;,338461538461538;,153846153846154;,5;,2;,5;2;0;2;4;4;4;4;Ich finde das Feedback nicht sehr hilfreich, da es nur etwas zu der Anzahl der Konzepte und der Koheränzbrüche aussagt. Da man aber nicht weiß, wo die Brüche sich befinden, ist es sehr schwer den Text nochmal zu überarbeiten. Persönlich fände ich es besser, wenn das Feedback länger und klarer wäre. So konnte ich leider nicht viel mit anfangen.;1;2;0;Staatsexamen;5/16/2015;5/16/2015;5/25/2015;5/25/2015;MZJJiG;0;0;4;2;4
qOUOYS;1;1;18;3;4;4;2;1;0;,125;,0833333333333333;,0833333333333333;,25;,0833333333333333;0;0;2;4;4;4;4;Die Erklärung, wie mit dem Feedback umzugehen ist, habe ich nicht verstanden.Ein Beispiel hätte mir weitergeholfen oder eine kurze Erklärung in der Vorlesung. mit der Möglichkeit Fragen zu stellen.;1;2;0;Staatsexamen;5/18/2015;5/18/2015;6/2/2015;6/2/2015;qOUOYS;2;0;4;2,75;4
yHsrhH;2;1;22;3;2;2;,5;,5;0;,0858173076923077;,05;,115384615384615;,0625;,115384615384615;0;1;2;4;4;4;4;Das Feedback hat mir leider überhaupt nicht geholfen. Ich wusste danach genauso viel wie zuvor. Ich hatte mir von dem Feedback erhofft, dass ich erfahre, welcher Wissensstand von mir erwartet wird und wieviel ich davon erreicht habe. Die Idee mit dem Diagramm hat mir gefallen, allerdings wusste ich nicht welche Begriffe noch wichtig gewesen wären oder welche ich genauer in Bezug bringen sollte. Zu meinem Erklär- bzw Formulierungsstil stand gar nichts im Feedback, weshalb ich auch daran nichts verändern bzw bearbeiten konnte. Ich denke für ein Feedback ist es sinnvoller, eine kurze Antwort in ganzen Sätzen zu schreiben, auch da ich von Komilltonen erfahren habe, dass diese mit ihrem Feedback ebenso wenig wie ich anfangen konnten. Aufgefallen ist mir einzig und alleine, dass diese Software wirklich sehr gut ist und es einfach sowie übersichtlich ist mit dieser zu arbeiten.;1;4;0;Staatsexamen;5/14/2015;5/18/2015;5/24/2015;5/24/2015;yHsrhH;2;0;4;1,25;4
akIlpW;1;1;22;3,75;1;1;2,5;2,5;0;,285353535353535;,181818181818182;,333333333333333;,181818181818182;,444444444444444;3;2;4;4;4;4;4;Ich hab das Feedback leider nicht verstanden. Weder das, noch die Erklärung dazu. Die Spalten stellen Kohärenzbrüche dar? Leider konnte ich meinen Text nicht wirklich überarbeiten, da ich aus dem Feedback keine sinnvollen Schlüsse ziehen konnte.;1;4;0;Staatsexamen;5/18/2015;5/18/2015;6/1/2015;6/1/2015;akIlpW;1;0;4;1,75;4
cPTJEb;1;1;26;4;3;3;2,5;2,5;0;,220454545454545;,25;,181818181818182;,2;,25;4;2;4;4;4;4;4;Das erste Problem war, dass 'Kohärenzbruch' für mich ein Fremdwort ist, nach dessen Bedeutung ich im Internet suchen musste.Weiterhin ist mir nicht klar, inwiefern das Herausschreiben aller Nomen in meinem Text (ohne Rücksicht auf den Kontext) mir helfen soll Mängel im Text zu erkennen und zu verbessern. Mein ursprünglicher Text hatte ein Feedback von zwei Spalten. In der einen waren Wörter wie Erklärung und Untherthema, in dem anderen Erklären und Thema. Mir ist nicht klar, worin da der Kohärenzbruch besteht. Meiner Ansicht nach habe ich den Text nach dem Feedback eher verschlechtert.;1;15;0;Staatsexamen;5/17/2015;5/18/2015;6/1/2015;6/1/2015;cPTJEb;1;0;4;2,75;4
GWinlj;0;1;23;3;1;1;1;1;0;,212121212121212;,333333333333333;,0909090909090909;,333333333333333;,0909090909090909;0;2;4;4;4;4;4;Ich fand das Feedback nahezu unbrauchbar, da man nie wusste auf was Bezug genommen wird und auch die angegebenen Zahlen unrealistisch schienen. Bei meinem Text war die Sprache von 41 Konzepten??;1;4;1;Staatsexamen;5/18/2015;5/18/2015;6/1/2015;6/1/2015;GWinlj;2;1;4;1;4
hIpOqI;1;1;22;3,25;2,5;2,5;1,5;1,5;0;,261111111111111;,3;,222222222222222;,3;,222222222222222;1;2;4;4;4;4;4;Das Feedback ist meiner Meinung nach nicht vernünftig aufgebaut. Stickpunkte in Listen zu nennen, ist nicht hilfreich um zu verstehen was man verbessern sollte. Auch ist die Zusammenstellung der Listen nicht verständlich und wirft mehr Fragen auf, als das es hilfreich ist.;1;4;0;Staatsexamen;5/17/2015;5/17/2015;6/1/2015;6/1/2015;hIpOqI;1;0;4;2;4
mzKeWU;2;1;21;3,25;3,5;3,5;,5;,5;0;,577922077922078;,428571428571429;,727272727272727;,428571428571429;,727272727272727;1;0;4;4;4;4;4;Die in der Concept Map aufgezeigten Wörter haben mir leider nicht geholfen die Erklärung zu verbessern. Mir wurde nicht ersichtlich, wie diese ausgewählt wurden und es fehlte mir somit der Zusammenhang.;1;6;0;Staatsexamen;5/14/2015;5/14/2015;5/20/2015;5/20/2015;mzKeWU;1;0;4;2;4
zKuXWr;1;1;21;3;1,5;1,5;1;1;0;,150155279503106;,0434782608695652;,142857142857143;,2;,214285714285714;0;1;4;4;4;4;4;"Ich finde es sehr kritisch, den Studenten eine computergenerierte Liste von Wörtern mit einer kryptischen Erklärung hinzuwerfen und das dann ""Feedback"" zu nennen. Dieses ""Feedback"" hat mir in keinster Weise geholfen, zu erkennen, wo was verbessert werden sollte. Ungefähr die Hälfte der Wörter hatte ich verwendet, die andere Hälfte nicht - was hätte mir das also sagen sollen? Ich habe absolut keine Ahnung, ob meine abgeschickte endfassung auch nur in die richtige Richtung geht und das liegt an der wirklich schlecht erklärten Feedbackweise. In einem Schulpädagogikseminar hätte ich da etwas besser Verständliches erwartet.";1;4;0;Staatsexamen;5/14/2015;5/14/2015;5/20/2015;5/20/2015;zKuXWr;1;1;4;1,25;4
Skdlhk;0;1;22;3;1;1;1,5;1,5;0;,155906593406593;,25;,0714285714285714;,230769230769231;,0714285714285714;0;0;6;4;4;4;4;Keine konstruktive Kritik bzw. Hilfestellung durch fehlende Verweise im Text und keine nähergehende Ausführung zu Fehlerquellen.;0;6;0;Staatsexamen;5/12/2015;5/17/2015;5/19/2015;5/19/2015;Skdlhk;0;0;4;1,25;4
HVHyYc;0;1;24;4;2,5;2,5;1,5;1;0;,23543956043956;,357142857142857;,1;,384615384615385;,1;4;0;7;4;4;4;4;Ich hatte leider gar keine Ahnung, was mit dem Feedback gemeint war. mir ist es eher nicht gelungen, Kohärenzbrüche zu identifizieren. Ich habe nicht verstanden, was von mir erwartet wurde.;1;10;0;Staatsexamen;5/14/2015;5/17/2015;5/19/2015;5/19/2015;HVHyYc;1;0;4;1,875;4
McgncY;0;1;23;4;1;1;2,5;2;0;,292647058823529;,235294117647059;,35;,235294117647059;,35;4;2;8;4;4;4;4;Schwer: Ich vertraue nicht auf individuelles aber automatisiertes Feedback. Das ist nicht angemessen. Ich habe also nur auf Elemente in meinem Text geachtet, die 4x auftreten. Das waren Absätze. Ich habe diese aber nur entfernt wegen des Feedbacks, nicht aus eigener Überzeugung. An sich finde ich, ist es quatsch, maschinelles Feedback zu bekommen.;1;8;1;Staatsexamen;5/18/2015;5/18/2015;6/1/2015;6/1/2015;McgncY;2;0;4;1,625;4
FvFTcS;2;1;25;3,5;3;1;2;2;2;,195827048768225;,153846153846154;,176470588235294;,230769230769231;,222222222222222;2;0;9;4;4;4;4; ;1;10;1;Staatsexamen;5/12/2015;5/12/2015;5/19/2015;5/19/2015;FvFTcS;1;1;4;2;4
