subject;condition;age;gender;university.semester;internship;courseofstudy;subject.semester;preknowledge.teaching;scientific.writing;teaching.experience;cognitive.load;orientierung.diagnostik.post;orientierung.diagnostik.pre;explanations.orientierung.post;explanations.orientierung.pre;global2.task.diff;average.local;average.global;ie.frageseent.post;dia.fragsent.post;ie.fragsent.pre;dia.fragsent.pre;feedback.00;feedback.01;feedback.02;feedback.03;feedback.04;feedback.05;submission.erklaerung.pre;submission.erklaerung.post;submission.diagnostik.pre;submission.diagnostik.post;CL.234;CL.234.1
lMRLQb;1;20;0;2;0;Staatsexamen;2;1;0;2;;2.0;1.5;0.5;0.5;0.50;0.28;1.13;0.08;0.40;0.08;0.57;;;;;;;13.05.2015 10:13;13.05.2015 11:36;20.05.2015 12:00;20.05.2015 12:10;;2.56
xNDmQu;1;20;1;4;0;Staatsexamen;4;1;0;0;;3.5;2.5;2.0;1.0;1.00;0.30;2.25;0.10;0.50;0.11;0.50;;;;;;;18.05.2015 15:26;18.05.2015 19:01;01.06.2015 23:20;01.06.2015 23:21;;2.56
ZfwqZz;2;23;1;10;1;Staatsexamen;8;2;0;0;;2.0;2.0;1.0;1.0;0.00;0.20;1.50;0.30;0.09;0.30;0.10;;;;;;;17.05.2015 20:45;17.05.2015 20:47;01.06.2015 12:05;01.06.2015 12:36;;2.56
nwnidL;1;25;1;10;1;Staatsexamen;9;1;0;3;;3.0;3.0;2.0;2.0;0.00;0.16;2.50;0.14;0.11;0.29;0.11;;;;;;;18.05.2015 10:36;18.05.2015 11:09;01.06.2015 19:20;01.06.2015 19:30;;2.56
PiVOfb;2;19;1;2;0;Staatsexamen;1;1;0;1;1.00;2.0;2.0;0.5;0.5;0.00;0.16;1.25;0.18;0.14;0.18;0.14;0;0;2;2;0;Das Feedback ist meiner Meinung nach nicht ausreichend, um eine Erklärung zu verbessern, da nicht auf Satzlänge, Wortwiderholungen eingegangen wird, sonder nur Verbindungen berücksichtigt werden.;15.05.2015 13:02;15.05.2015 13:05;25.05.2015 18:35;25.05.2015 18:36;1.00;1.00
GpvAij;0;19;0;2;0;Staatsexamen;2;1;0;0;1.50;1.5;1.5;0.5;0.5;0.00;0.19;1.00;0.20;0.09;0.36;0.10;0;0;3;3;2;Da nur ein Satz im Feedback stand, wusste ich nicht ob das ein gutes oder schlechtes Zeichen ist. Mit der angegebenen Anzahl der Konzepte wusste ich nicht, ob sie genügen oder ob ich noch welche hinzufügen muss.;17.05.2015 17:33;17.05.2015 17:53;20.05.2015 19:42;20.05.2015 19:50;2.00;2.00
aZpWpF;0;19;1;2;0;Staatsexamen;2;1;1;0;0.75;1.5;2.5;2.0;1.5;-1.00;0.35;1.88;0.33;0.20;0.62;0.27;0;0;2;1;3;;18.05.2015 11:05;18.05.2015 11:19;01.06.2015 19:46;01.06.2015 19:51;1.50;1.50
pMLkII;0;20;1;2;0;Staatsexamen;2;1;0;1;1.25;1.5;1.5;1.5;1.5;0.00;0.23;1.50;0.30;0.17;0.30;0.17;0;0;2;3;3;;15.05.2015 10:12;18.05.2015 15:32;01.06.2015 15:14;01.06.2015 15:15;2.00;2.00
qKWzfn;2;20;1;2;0;Staatsexamen;2;0;0;1;0.75;2.0;2.0;2.5;1.5;0.00;0.27;2.00;0.27;0.16;0.36;0.31;0;0;1;2;1;Es dauert einige Zeit bis man die Grafik entsprechend versteht und sich um den Aussagengehalt informiert fühlt. Danach versucht man die genannten Kohärenzbrüchen zu vermeiden und überarbeitet seinen Text. Je doch ist nicht immer ganz klar, warum nicht auch mehrere nicht direkt zusammenhängenden Bereichen zwingend miteinander verbunden werden müssen.;14.05.2015 11:40;14.05.2015 11:55;26.05.2015 07:48;26.05.2015 07:52;1.00;1.00
uMPOOJ;0;38;1;23;0;Staatsexamen;2;2;0;2;0.50;2.5;2.5;2.0;2.0;0.00;0.28;2.25;0.13;0.38;0.13;0.50;0;0;0;2;0;"Leider ist in dieser Maßnahme für jene, die 24 Konzepte und keine Kohärenzbrüche hatten und daher keine Veränderungen durchführen mussten keine wirklich hilfreiches Feadback wie ""Gratulation, Dein Text war gleich super, lass ihn, wie er ist!"" oder dergleichen vorhanden. Das würde ein Verfalschbessern bei ""Ungläubigen"" verhindern.";13.05.2015 09:23;13.05.2015 09:24;22.05.2015 09:27;22.05.2015 09:37;0.50;0.50
WADHLO;0;21;1;2;0;Staatsexamen;2;1;1;1;1.00;2.0;2.0;2.0;2.0;0.00;0.29;2.00;0.36;0.27;0.27;0.27;0;0;1;3;3;Das Feedback war zu simpel beschrieben. Ein Beispiel wäre schön gewesen.;18.05.2015 19:16;18.05.2015 19:23;01.06.2015 14:50;01.06.2015 15:46;1.75;1.75
njGlvw;0;21;1;3;0;Staatsexamen;3;0;0;1;0.50;1.0;1.0;1.5;1.5;0.00;0.20;1.25;0.20;0.18;0.20;0.20;0;1;0;1;1;;17.05.2015 20:08;17.05.2015 20:14;01.06.2015 21:14;01.06.2015 21:31;0.50;0.50
FlcomK;0;21;0;4;0;Staatsexamen;4;2;0;2;0.00;1.5;1.5;0.5;0.5;0.00;0.24;1.00;0.08;0.33;0.08;0.45;0;0;0;0;2;"Mein Feedback lautete lediglich: ""Sie haben über 25 Konzepte geschrieben und einen kohärenten Text verfasst"". Die ""Überarbeitung"" viel mir dementsprechend leicht.";17.05.2015 22:07;17.05.2015 22:12;30.05.2015 12:26;30.05.2015 12:46;0.50;0.50
mdgbTa;0;24;1;8;0;Staatsexamen;4;1;0;2;1.00;2.5;2.5;1.0;1.0;0.00;0.21;1.75;0.14;0.29;0.14;0.29;0;0;2;2;0;"Mir war nicht klar ob eine Verbesserung des Textes nötig ist, wenn als Feedback ""Sie haben einen kohärenten Text geschrieben"" angegeben wurde.";14.05.2015 14:21;14.05.2015 14:29;25.05.2015 09:09;25.05.2015 09:11;1.00;1.00
PMliNZ;2;19;1;4;0;Staatsexamen;4;0;1;0;0.75;2.0;2.0;1.0;0.5;0.00;0.25;1.38;0.20;0.07;0.57;0.15;0;0;1;2;2;Das Feedback ist relativ leicht zu verstehen, da es graphisch dargestellt wurde.;18.05.2015 22:22;18.05.2015 22:41;01.06.2015 17:42;01.06.2015 17:51;1.25;1.25
TvdZZK;0;20;1;4;0;Staatsexamen;4;1;1;3;1.00;2.5;2.5;1.5;1.5;0.00;0.14;2.00;0.17;0.09;0.21;0.09;0;0;2;2;2;;18.05.2015 16:48;18.05.2015 16:53;27.05.2015 16:50;27.05.2015 16:52;1.50;1.50
UkkkfV;2;20;1;4;0;Staatsexamen;4;1;1;0;0.50;1.5;1.5;2.0;2.0;0.00;0.15;1.75;0.10;0.14;0.11;0.23;0;0;1;1;1;;18.05.2015 16:10;18.05.2015 22:09;01.06.2015 16:31;01.06.2015 16:34;0.75;0.75
bTvdYw;2;25;0;8;0;Staatsexamen;5;1;0;1;0.25;1.5;1.5;1.0;1.0;0.00;0.11;1.25;0.14;0.08;0.06;0.15;0;0;1;0;1;Eine Verbesserung des Feedbacks wäre möglich, wenn man mehrfach Feedback einholen könnte, um die Änderungen am Text zu überprüfen. So wäre es einfacher, die Sinnhaftigkeit der Verbesserung zu überprüfen.;14.05.2015 12:36;14.05.2015 14:01;01.06.2015 22:17;01.06.2015 22:20;0.50;0.50
OYAqEc;0;25;0;10;0;Staatsexamen;5;1;0;2;1.50;2.5;2.5;1.0;1.0;0.00;0.12;1.75;0.08;0.07;0.09;0.25;0;0;3;3;2;Das Feedback beschränkte sich darauf mir mitzuteilen ich hätte einen kohärenten Text mit 32 Konzepten geschrieben. Mir war nicht klar, inwiefern eine Überarbeitung stattfinden sollte. Koheränzbrüche galt es wohl keine zu korrigiern, aber waren 32 Konzepte genug? Zu wenig oder zu viel? Wahrscheinlich zu aufwendig für eine automatische Prüfung ist die entscheidenste Frage: Habe ich die Aufgabenstellung richtig bearbeitet? oder an der Frage vorbei argumentiert?;17.05.2015 12:24;17.05.2015 12:33;31.05.2015 17:14;31.05.2015 17:25;2.00;2.00
ReAhtp;2;24;0;8;1;Staatsexamen;6;2;1;0;1.00;2.0;2.0;2.0;2.0;0.00;0.30;2.00;0.06;0.55;0.06;0.55;0;0;2;2;2;;18.05.2015 09:59;18.05.2015 10:00;29.05.2015 09:42;29.05.2015 09:43;1.50;1.50
fWEjft;0;32;0;21;0;Staatsexamen;7;0;0;1;1.25;0.5;0.5;1.5;1.5;0.00;0.15;1.00;0.06;0.25;0.06;0.25;0;1;1;3;1;"Ich kann mit der Meldung ""Sie haben 20 Konzepte geschrieben"" nichts anfangen. Habe ich nicht nur ein Konzept geschrieben?";18.05.2015 20:12;18.05.2015 20:18;29.05.2015 19:02;29.05.2015 19:26;1.25;1.25
rACYgX;0;26;1;8;1;Staatsexamen;7;1;0;0;0.75;1.5;1.5;2.5;2.5;0.00;0.23;2.00;0.19;0.25;0.19;0.29;0;0;1;2;2;;16.05.2015 11:48;16.05.2015 11:51;25.05.2015 09:53;25.05.2015 10:07;1.25;1.25
PSncfH;1;20;1;-4;0;Staatsexamen;4;1;0;0;2.00;2.5;2.5;2.0;2.0;0.00;0.27;2.25;0.18;0.25;0.27;0.38;1;1;3;3;2;;18.05.2015 18:09;18.05.2015 18:15;01.06.2015 23:04;01.06.2015 23:08;2.25;2.25
ZmTkPm;0;22;0;2;0;Staatsexamen;1;2;0;2;1.50;2.0;1.5;1.5;1.5;0.50;0.36;1.63;0.22;0.50;0.20;0.50;1;0;3;2;2;Es war mir nicht ganz klar wie plötzlich 27 Konzepte in meinen Text kamen. Was sind diese Konzepte? Diese Frage konnte ich mir nicht beantworten und konnte deshalb das Feedback nicht wirklich einordnen. Ich war mir nicht sicher wie viel ich noch bearbeiten sollte bzw. ob der Text so gut war nur weil er kohärent war. Sonst ist es eine super Sache! :)Schönen Tag und schönen Feiertag mit viel Sonne wünsche ich!;13.05.2015 10:57;13.05.2015 11:05;23.05.2015 15:28;23.05.2015 15:32;2.00;2.00
jnrcky;1;20;1;1;0;Staatsexamen;1;2;0;1;2.00;3.0;3.0;2.0;2.0;0.00;0.26;2.50;0.40;0.11;0.40;0.11;1;1;3;3;3;;18.05.2015 19:40;18.05.2015 19:41;27.05.2015 19:41;27.05.2015 19:42;2.50;2.50
AOnSWP;1;20;0;4;0;Staatsexamen;2;1;0;2;1.00;1.5;1.5;1.5;1.5;0.00;0.15;1.50;0.11;0.10;0.22;0.18;1;1;1;1;1;;18.05.2015 21:43;18.05.2015 21:50;01.06.2015 21:38;01.06.2015 21:40;1.00;1.00
EBWHsb;2;24;0;2;0;Staatsexamen;2;1;0;2;1.00;3.0;3.0;2.0;2.0;0.00;0.11;2.50;0.07;0.15;0.07;0.14;1;0;1;2;1;;12.05.2015 18:02;12.05.2015 18:10;19.05.2015 17:56;19.05.2015 17:58;1.25;1.25
FHGrde;2;20;0;2;1;Staatsexamen;2;1;0;0;1.50;3.0;3.0;3.0;2.5;0.00;0.10;2.88;0.17;0.06;0.11;0.06;1;1;2;2;1;;12.05.2015 16:19;12.05.2015 16:29;29.05.2015 10:43;29.05.2015 10:43;1.50;1.50
hpUzKN;2;20;0;2;0;Staatsexamen;2;2;0;3;1.25;2.0;1.5;2.0;2.0;0.50;0.18;1.88;0.09;0.10;0.20;0.33;1;1;1;2;2;"identifizierung von ""ergo"" als Keyword, nicht zwingend logische Rückführbarkeit der Ergebnisse.";13.05.2015 09:31;13.05.2015 09:50;26.05.2015 21:39;26.05.2015 21:46;1.50;1.50
NsXDKj;1;20;0;2;0;Staatsexamen;2;1;0;1;1.50;1.5;1.5;1.5;1.0;0.00;0.16;1.38;0.13;0.08;0.09;0.33;1;0;2;3;3;;17.05.2015 16:13;17.05.2015 21:31;19.05.2015 19:20;19.05.2015 19:34;2.25;2.25
ckqzFj;2;19;1;2;0;Staatsexamen;2;1;0;1;0.50;2.5;2.0;2.5;1.5;0.50;0.16;2.13;0.14;0.08;0.30;0.13;1;0;1;0;1;Es ist sehr leicht, da es sofort ersichtlich ist, welche Schlüsselwörter zusammengehörig sind.Allerdings wurden meiner Meinung nach nicht alle Zusammenhänge erkannt.;17.05.2015 19:56;18.05.2015 06:26;21.05.2015 15:34;22.05.2015 15:37;0.75;0.75
fFpzUM;1;20;1;4;0;Staatsexamen;2;0;0;0;1.50;0.5;0.5;1.5;1.0;0.00;0.25;0.88;0.07;0.25;0.43;0.25;1;1;1;3;2;Gut ist, dass es überhaupt ein Feedback gibt und man dadurch die Möglichkeit bekommt das Geschriebene erneut zu überprüfen. Jedoch ist es mir etwas schwergefallen das Feedback auch so umzusetzen bzw überhaupt zu verstehen...;18.05.2015 20:32;18.05.2015 20:44;01.06.2015 21:48;01.06.2015 21:50;1.75;1.75
hfZCVp;2;19;1;2;0;Staatsexamen;2;2;0;1;0.75;1.5;1.5;0.5;0.5;0.00;0.28;1.00;0.24;0.23;0.24;0.42;1;0;1;1;2;;17.05.2015 18:37;17.05.2015 18:39;28.05.2015 17:10;28.05.2015 17:14;1.25;1.25
iWUEGj;1;23;1;2;0;Staatsexamen;2;0;0;1;1.25;2.0;2.0;1.0;1.0;0.00;0.22;1.50;0.11;0.25;0.38;0.13;1;0;2;2;3;;14.05.2015 08:13;14.05.2015 08:21;28.05.2015 10:17;28.05.2015 10:24;2.00;2.00
JdcWiq;1;21;1;2;0;Staatsexamen;2;1;0;1;1.75;2.5;2.5;1.0;1.0;0.00;0.11;1.75;0.12;0.05;0.17;0.10;1;3;2;1;1;Die Brüche im Text waren gut zu erkennen und dadurch auch gut zu verbessern. Einige identifizierten Brüche fand ich beim erneuten lesen allerdings im Text gut verständlich und andere Stellen hätte ich eher nochmal anders formuliert. Auch war mir nicht klar ob die Brüche inhaltlich oder durch undeutliche Formulierung zustande kamen.;18.05.2015 20:23;18.05.2015 20:37;28.05.2015 07:35;28.05.2015 07:41;1.25;1.25
KjpGJk;0;20;1;2;0;Staatsexamen;2;0;0;0;1.25;1.5;1.5;0.5;0.5;0.00;0.16;1.00;0.13;0.20;0.13;0.20;1;0;2;2;2;;18.05.2015 14:00;18.05.2015 14:01;01.06.2015 14:34;01.06.2015 14:36;1.75;1.75
SsYeWS;2;24;1;8;0;Staatsexamen;2;2;0;1;1.75;2.0;2.0;0.5;0.5;0.00;0.20;1.25;0.30;0.08;0.33;0.08;1;0;3;3;3;;18.05.2015 22:33;18.05.2015 22:39;01.06.2015 22:49;01.06.2015 22:50;2.50;2.50
uTOzDR;2;21;1;2;0;Staatsexamen;2;1;0;0;1.75;1.0;1.0;1.0;1.0;0.00;0.07;1.00;0.04;0.06;0.08;0.09;1;0;3;3;0;Es ist kein persönliches Feedback, das finde ich etwas schwierig. Ich würde gerne wissen, ob das alles so stimmt wie ich es geschrieben habe.;14.05.2015 13:33;14.05.2015 13:37;27.05.2015 12:09;27.05.2015 12:14;1.75;1.75
YFkxav;0;18;1;2;0;Staatsexamen;2;1;0;0;1.50;3.0;3.0;1.5;1.5;0.00;0.26;2.25;0.08;0.40;0.08;0.45;1;1;2;2;1;"Nachdem ich mein Entwurf abgeschickt und auf Feedback geklickt habe, bekam ich nur einen Satz zur Verbesserung: ""Sie haben 17 Konzepte und einen kohärenten Text geschrieben.""Ich hatte somit keine Probleme mit Brüchen in meinem Text, dementsprechend war dies schonmal einfach.Ich habe mich dann allerdings gefragt wie ich mit diesem Feedback umgehen soll, da ich daraus gelesen habe, dass ich nichts mehr überarbeiten muss. Ich kann allerdings nicht sagen, ob dies nun genug Konzepte sind oder ob noch irgendetwas fehlt. Hier hätte ich mir noch ein wenig mehr Angaben gewünscht.";14.05.2015 17:03;14.05.2015 17:07;27.05.2015 11:45;27.05.2015 12:01;1.50;1.50
KoYDbG;2;20;1;4;0;Staatsexamen;3;2;0;1;1.75;2.5;2.5;0.5;0.0;0.00;0.36;1.38;0.44;0.29;0.43;0.29;1;0;3;3;2;Es hat meiner Meinung nach gut gezeigt, wie die Struktur des Textes ist. Ich hatte aber das Gefühl es werden beliebig Wörter aus meinem Text genommen und in einer Concept Map zusammen gefügt.;17.05.2015 16:00;17.05.2015 19:47;01.06.2015 22:29;01.06.2015 22:34;2.25;2.25
zbkabD;0;21;1;3;0;Staatsexamen;3;2;0;2;1.75;1.0;1.0;0.5;0.5;0.00;0.10;0.75;0.08;0.08;0.08;0.14;1;0;2;4;4;;17.05.2015 18:39;18.05.2015 21:23;01.06.2015 13:29;01.06.2015 19:27;2.75;2.75
HWnqPk;1;20;0;4;0;Staatsexamen;4;1;0;0;2.00;3.5;3.5;3.0;2.0;0.00;0.14;3.00;0.09;0.18;0.11;0.18;1;1;3;3;1;"Ich fand es schwer, aus dem Feedback Schlüsse über die Qualität meines Textes zu ziehen. Das Programm zieht zum einen nur einzelne Begriffe aus dem Text, die ich oft gar nicht in dem Kontext benutzt habe, in dem sie interpretiert wurden. Zum anderen hat es zentrale Konzepte nicht erkannt, weil ich sie anders formuliert habe als sie eingespeichert sind (z.B. habe ich ""kohärent"" anstatt ""Kohärenz"" geschrieben und es stand nicht auf der Liste).Außerdem hat mir die Liste insgesamt nicht wirklich bei der Überarbeitung geholfen. Es fiel mir ziemlich schwer mit Hilfe der Liste andere Konzepte zu finden, die ich vergessen hatte, und weil sie bei mir keine Kohärenzbrüche angezeigt hat, konnte ich an meinem bisherigen Text auch nicht viel ändern.";16.05.2015 13:31;16.05.2015 13:45;29.05.2015 16:04;29.05.2015 16:06;2.00;2.00
RADmAh;1;20;0;4;0;Staatsexamen;4;1;0;2;1.75;2.0;1.5;2.5;2.0;0.50;0.15;2.00;0.15;0.14;0.17;0.14;1;1;3;2;3;"Schwer machte es mir, die Kohäsionsbrüche zu erkennen, da es unlar war, was mit Zeilen und Spalten gemeint war. Ansonsten fand ich diese ""Hausaufgabe"" für mich effektiv, da das Erklären, welches in der Vorlesung dargestellt wurde, in der Praxis erklärt werden musste.";14.05.2015 09:54;14.05.2015 10:05;26.05.2015 17:10;26.05.2015 17:13;2.25;2.25
tUvBIW;0;22;0;4;0;Staatsexamen;4;1;0;1;1.00;3.5;3.5;2.0;2.0;0.00;0.14;2.75;0.08;0.17;0.08;0.24;1;1;1;1;1;;14.05.2015 14:47;14.05.2015 16:17;21.05.2015 09:46;21.05.2015 10:10;1.00;1.00
uLbZRd;0;21;0;4;0;Staatsexamen;4;1;0;1;1.75;2.0;2.0;1.0;1.0;0.00;0.14;1.50;0.14;0.16;0.15;0.12;1;0;3;3;3;;13.05.2015 11:18;13.05.2015 11:23;22.05.2015 10:21;22.05.2015 10:25;2.50;2.50
UlZTBM;2;21;0;4;0;Staatsexamen;4;2;1;0;1.50;1.5;1.5;2.0;2.0;0.00;0.26;1.75;0.21;0.29;0.21;0.31;1;1;3;1;2;;17.05.2015 17:05;17.05.2015 17:21;01.06.2015 19:09;01.06.2015 19:22;1.75;1.75
vTMWbS;0;23;0;4;0;Staatsexamen;4;1;1;1;1.00;1.5;1.5;1.5;1.5;0.00;0.30;1.50;0.13;0.44;0.19;0.44;1;1;1;1;3;;19.05.2015 06:26;19.05.2015 06:36;01.06.2015 17:52;01.06.2015 17:55;1.50;1.50
ATOPva;0;21;1;4;0;Staatsexamen;4;1;1;0;1.00;2.0;2.0;1.5;1.5;0.00;0.13;1.75;0.09;0.18;0.10;0.18;1;0;1;2;2;;12.05.2015 19:31;12.05.2015 19:35;19.05.2015 20:26;19.05.2015 20:29;1.50;1.50
iLIoST;1;20;1;4;0;Staatsexamen;4;1;0;0;1.00;2.5;2.5;1.5;1.5;0.00;0.20;2.00;0.16;0.25;0.16;0.22;1;1;1;1;1;;18.05.2015 22:09;18.05.2015 22:16;02.06.2015 20:36;02.06.2015 20:50;1.00;1.00
jAijfp;2;22;1;6;0;Staatsexamen;4;1;0;2;2.25;2.0;1.0;0.5;0.5;1.00;0.30;1.00;0.09;0.45;0.18;0.45;1;1;3;4;3;Im Feedback werden leider einfach nur Substantive herausgefiltert. Verben sind dabei doch nicht weniger wichtig?! Selbst idiomatische Ausdrücke werden infrage gestellt. Satzverbindungen, die die Software nicht kennt, werden kritisiert.;17.05.2015 09:30;17.05.2015 09:34;19.05.2015 13:29;19.05.2015 13:32;2.75;2.75
miDcFK;2;21;1;4;0;Staatsexamen;4;2;0;1;1.00;2.0;2.0;1.0;1.0;0.00;0.16;1.50;0.08;0.13;0.20;0.22;1;1;1;1;1;evtl. personalisierteres Feedback auf welche Punkte genau man eher eingehen sollte.;18.05.2015 15:58;18.05.2015 16:05;31.05.2015 14:27;31.05.2015 14:28;1.00;1.00
NNwqHh;0;22;1;4;0;Staatsexamen;4;1;0;2;1.75;1.5;1.5;2.5;2.0;0.00;0.23;1.88;0.07;0.33;0.07;0.43;1;0;3;3;1;;14.05.2015 12:41;14.05.2015 12:47;19.05.2015 13:08;19.05.2015 13:28;2.00;2.00
oECupj;0;21;1;6;0;Staatsexamen;4;1;1;0;1.75;2.5;2.5;1.0;1.0;0.00;0.43;1.75;0.40;0.50;0.30;0.50;1;0;3;3;1;;18.05.2015 10:11;18.05.2015 10:28;02.06.2015 07:37;02.06.2015 07:40;2.00;2.00
oxFbJx;2;21;1;4;0;Staatsexamen;4;2;1;2;1.50;4.0;4.0;1.5;1.5;0.00;0.18;2.75;0.10;0.15;0.22;0.23;1;1;2;2;1;"Ich finde, dass das Feedback sehr abstrakt ist. Es nimmt einfach die Schlagworte aus dem Text und versucht sie zu verknüpfen. Beispielsweise stand dann auch ""Letzt"" von ""zu guter Letzt"" in dem Feedback, was inhaltlich nichts mit der Erklärung zu tun hat, lediglich einen letzten Sachverhalt mit den vorigen zu verknüpfen.";16.05.2015 16:37;16.05.2015 16:50;21.05.2015 10:34;21.05.2015 10:36;1.50;1.50
QKwjAj;2;20;1;4;0;Staatsexamen;4;1;0;2;0.75;2.5;2.5;1.0;1.0;0.00;0.11;1.75;0.10;0.07;0.14;0.13;1;0;1;1;1;Man sieht genau welche Themenworte nicht verknüpft sind mit dem Rest des Textes und kann somit schnell und einfach seinen Text korrigieren. Es wäre gut wenn man noch ein zweites Feedback bekäme, um zu sehen ob jetzt eine Verbindung entstanden ist oder nicht;16.05.2015 12:45;16.05.2015 12:55;20.05.2015 18:21;20.05.2015 18:25;1.00;1.00
aCFzKC;2;27;0;14;0;Staatsexamen;5;2;0;3;1.50;1.5;1.5;2.0;2.0;0.00;0.21;1.75;0.09;0.29;0.17;0.29;1;1;2;2;1;"Die Software identifizierte es als Kohärenzbruch, dass ich ursprünglich geschrieben habe: ""Die Erklärung sollte so aufgebaut sein, dass sie von etwas dem Adressaten bekannten zum Unbekannten fortschreitet. Dieses Fortschreiten sollte dabei in möglichst kleinen, leicht verständlichen Schritten geschehen"" - ""Fortschreiten"" und ""Schritte"" sollen hier einen Kohärenzbruch darstellen. Ein automatisiertes Feedbacktool mag ja eine nette Idee sein, aber es behandelt einen Text doch sehr mechanisch. Mit Verlaub: Ich finde das denkfeindlich.";13.05.2015 09:22;13.05.2015 09:24;27.05.2015 16:44;27.05.2015 16:45;1.50;1.50
CJipjN;0;21;1;6;0;Staatsexamen;5;1;0;1;1.50;2.0;1.0;1.5;1.5;1.00;0.59;1.50;0.30;0.88;0.30;0.88;1;1;2;2;2;Das Feedback zählt nur und verweist nicht auf konkretes. Das macht es eventuell schwerer, es ist jedoch m. M. n. auch eine Denkarbeit, die man im Studium erwarten kann.;16.05.2015 16:14;16.05.2015 16:18;01.06.2015 17:43;01.06.2015 17:50;1.75;1.75
SLpIJE;2;22;1;4;0;Staatsexamen;5;2;1;1;1.75;2.0;2.0;2.0;1.5;0.00;0.22;1.88;0.21;0.17;0.22;0.29;1;1;3;2;2;;15.05.2015 13:54;15.05.2015 14:13;31.05.2015 10:37;31.05.2015 10:43;2.00;2.00
hAmEbF;2;24;0;6;1;Staatsexamen;6;2;0;3;1.00;1.5;1.5;1.5;1.5;0.00;0.17;1.50;0.22;0.14;0.11;0.21;1;0;1;2;2;;17.05.2015 17:54;17.05.2015 17:56;01.06.2015 10:47;01.06.2015 10:50;1.50;1.50
klbmDY;0;25;0;9;0;Staatsexamen;6;1;0;2;3.00;1.5;1.5;2.0;0.5;0.00;0.40;1.38;0.33;0.33;0.60;0.33;1;3;4;4;4;;18.05.2015 17:01;18.05.2015 17:06;01.06.2015 18:59;01.06.2015 19:00;3.25;3.25
AWYTIJ;0;22;1;6;0;Staatsexamen;6;2;1;0;1.25;3.0;3.0;1.5;1.5;0.00;0.29;2.25;0.14;0.38;0.14;0.50;1;0;2;2;2;;18.05.2015 15:12;18.05.2015 15:16;31.05.2015 10:04;31.05.2015 10:10;1.75;1.75
nXYuMs;2;23;1;6;1;Staatsexamen;6;1;0;0;2.00;2.0;1.5;2.5;2.5;0.50;0.23;2.13;0.12;0.33;0.15;0.33;1;1;3;3;3;;18.05.2015 13:16;18.05.2015 13:25;31.05.2015 08:54;31.05.2015 08:55;2.50;2.50
PjNTae;2;23;1;6;0;Staatsexamen;6;2;1;2;1.25;3.0;3.0;1.0;1.0;0.00;0.12;2.00;0.13;0.07;0.13;0.14;1;1;1;2;0;Individuelles Feedback durch die Software bei der hohen Kursteilnehmeranzahl ist echt super! Jedoch fand ich das Feedback trotzdem ein bisschen zu einseitig (nur Kohärenz des Textes) und zu knapp.;13.05.2015 07:32;13.05.2015 07:38;27.05.2015 17:49;27.05.2015 17:51;1.00;1.00
zJlPfZ;0;22;1;6;0;Staatsexamen;6;2;1;2;2.00;0.5;0.5;1.5;1.5;0.00;0.20;1.00;0.20;0.15;0.30;0.15;1;0;3;4;3;Das Feedback war für mich schwer zu verstehen, weil ich nicht wusste, was wünschenswert ist und was nicht. Gerade in Bezug auf die Anzahl der genannten Konzepte viel er mit schwer, dahingehend eine Überarbeitung meines Textes zu machen, da kein Richtwert bekannt war. Sind 29 genannte Konzepte nun gut oder schlecht? Woher weiß ich, was noch fehlt? Die Angabe über die Kohärenzbrüche war deutlicher zu verstehen und daher in Ordnung.Und es wäre nett, wenn die Website eine Erklärung bereitstellen würde, wie denn dieses automatisierte Feedback funktioniert. Nur aus reinem Interesse an der Sache natürlich.Ansonsten war der Arbeitsaufwand für diese Hausaufgabe moderat.;18.05.2015 16:00;18.05.2015 16:07;29.05.2015 12:00;29.05.2015 12:03;2.75;2.75
GgDYnR;1;24;0;9;0;Staatsexamen;7;1;0;1;0.75;0.5;0.5;2.0;2.0;0.00;0.19;1.25;0.06;0.22;0.19;0.28;1;0;1;1;1;;14.05.2015 19:03;19.05.2015 07:55;01.06.2015 21:58;01.06.2015 22:02;1.00;1.00
cmhtik;2;23;1;8;1;Staatsexamen;7;3;0;3;1.50;1.0;1.0;2.0;2.0;0.00;0.42;1.50;0.58;0.23;0.62;0.23;1;0;3;2;3;Obwohl der Text rund geschrieben worden ist, sieht das Feedback die Hinführung zur Ausarbeitung nicht und stellt somit Brüche im Text dar.;15.05.2015 18:58;18.05.2015 14:43;25.05.2015 15:24;25.05.2015 15:32;2.25;2.25
uuFgjI;2;24;1;8;1;Staatsexamen;7;2;0;0;1.25;1.5;1.5;2.0;2.0;0.00;0.26;1.75;0.17;0.25;0.25;0.38;1;0;2;2;0;Die grafische Darstellung machte es leicht Kohärenzbrüche zu identifizieren. Allerdings fiel es mir schwer aus dieser zu sehen, inwiefern ich alle relevanten Konzepte in meine Erklärung eingearbeitet habe und welche noch fehlen.;18.05.2015 08:31;18.05.2015 08:37;01.06.2015 12:37;01.06.2015 12:42;1.25;1.25
HnRggo;2;27;0;11;1;Staatsexamen;9;2;0;1;1.75;1.0;0.5;1.5;1.0;0.50;0.11;1.00;0.08;0.09;0.18;0.09;1;1;3;2;2;"Es ist natürlich schön, ein visuelles Feedback zu bekommen. Vor allem so schnell. Das Problem ist allerdings, dass die Software anscheinend auch Begriffe heraus nimmt, die in der Erklärung primär gar nicht so wichtig waren. Desweiteren finde ich es unnötig unübersichtlich, dass die Software zum Beispiel aus ""der Lernende"" und ""dem Lernenden"" zwei Unterpunkte für ein und das selbe Konzept macht.";17.05.2015 21:09;17.05.2015 21:37;30.05.2015 14:18;30.05.2015 14:19;2.00;2.00
AYFSsc;1;28;0;15;1;Staatsexamen;14;2;0;2;2.25;1.5;1.5;1.0;1.0;0.00;0.17;1.25;0.08;0.21;0.17;0.21;1;2;3;3;1;;18.05.2015 16:12;18.05.2015 16:22;02.06.2015 07:21;02.06.2015 07:28;2.00;2.00
NCutyl;1;20;0;-2;0;Staatsexamen;3;0;0;0;2.25;4.0;4.0;2.0;2.0;0.00;0.20;3.00;0.18;0.17;0.27;0.17;2;2;3;2;4;Es wäre sinnvoll, die auf der rechten Seite gelisteten Wörter in dem Fließtext zu verlinken, da man so Brüche deutlich leichter identifizieren kann. Außerdem werden manche Wörter im Text mehrmals verwendet und es ist nicht eindeutig auf welches Wort die Software abzielt.;13.05.2015 14:01;13.05.2015 14:15;20.05.2015 16:14;20.05.2015 16:15;2.75;2.75
NIDUvU;1;28;0;-15;0;Staatsexamen;3;0;0;1;2.00;3.0;2.0;1.0;1.0;1.00;0.21;1.75;0.27;0.13;0.33;0.13;2;0;3;3;3;;18.05.2015 09:20;18.05.2015 09:27;02.06.2015 07:50;02.06.2015 07:51;2.75;2.75
OwhbGG;2;20;0;2;0;Staatsexamen;1;1;0;0;1.75;1.0;1.0;2.0;1.5;0.00;0.24;1.38;0.17;0.33;0.13;0.33;2;1;2;2;2;;12.05.2015 14:37;12.05.2015 14:49;25.05.2015 10:46;25.05.2015 10:47;2.00;2.00
FlgLnG;0;20;1;2;0;Staatsexamen;1;1;0;0;2.25;2.0;2.0;2.5;2.5;0.00;0.30;2.25;0.19;0.21;0.60;0.21;2;1;3;3;3;man kann kaum einen richtigen Zusammenhang zwischen Feedback und geschriebenem Text feststellen, wodurch das Feedback keine große Hilfestellung bei der Bearbeitung des Textes ist.;14.05.2015 11:41;17.05.2015 15:52;01.06.2015 09:19;01.06.2015 09:21;2.75;2.75
hQunij;1;20;1;4;0;Staatsexamen;1;1;0;2;3.00;3.5;3.5;1.5;1.5;0.00;0.17;2.50;0.27;0.06;0.31;0.06;2;2;4;4;4;;12.05.2015 16:16;15.05.2015 18:04;19.05.2015 16:21;19.05.2015 16:41;3.50;3.50
RDuihj;2;23;0;3;0;Staatsexamen;2;0;0;0;2.25;2.0;2.0;1.0;1.0;0.00;0.17;1.50;0.24;0.10;0.23;0.10;2;1;3;3;4;;19.05.2015 09:37;19.05.2015 09:51;01.06.2015 23:22;01.06.2015 23:30;3.00;3.00
SYyABc;2;20;0;2;1;Staatsexamen;2;1;1;1;1.50;3.5;3.0;2.5;2.5;0.50;0.11;2.88;0.11;0.08;0.14;0.10;2;1;1;2;3;"Unklarheit darüber, ob ein ""echter"" Leser die angeblichen Brüche im Text ebenfalls so sehen würde, oder ob diese Brüche nur duch die Software identifiziert werden.";18.05.2015 20:50;18.05.2015 21:05;21.05.2015 11:57;21.05.2015 12:01;2.00;2.00
vpYnPK;1;21;0;2;0;Staatsexamen;2;2;0;1;2.25;2.0;2.0;0.5;0.5;0.00;0.24;1.25;0.29;0.18;0.33;0.18;2;1;3;3;2;Die Tatsache, dass nur Stichwörter als Rückmeldung zur Verfügung standen, verkomplizierte die Überarbeitung meiner Meinung nach unnötig. Besser wäre eine konkrete-, statt einer vagen Rückmeldung.;12.05.2015 14:28;12.05.2015 14:35;22.05.2015 15:20;30.05.2015 11:05;2.50;2.50
whLnIr;0;19;0;2;0;Staatsexamen;2;0;0;0;1.50;2.0;2.0;2.5;2.5;0.00;0.13;2.25;0.13;0.08;0.13;0.18;2;0;2;2;2;;15.05.2015 14:53;15.05.2015 14:55;02.06.2015 08:25;02.06.2015 08:30;2.00;2.00
AEnkco;2;20;1;2;0;Staatsexamen;2;0;0;2;2.50;2.5;2.5;2.0;2.0;0.00;0.29;2.25;0.29;0.30;0.29;0.30;2;0;4;4;3;Ich konnte mit dem Feedback wenig anfangen und nichts an meinem Text ändern, da ich nicht wusste, wie ich die verschiedenen Begriffsgruppen verbinden soll.;18.05.2015 15:07;18.05.2015 15:10;25.05.2015 10:01;25.05.2015 10:04;3.25;3.25
CEmACj;1;20;1;2;0;Staatsexamen;2;1;1;0;2.00;2.5;2.5;1.0;1.5;0.00;0.35;1.88;0.40;0.30;0.42;0.30;2;0;3;3;2;;17.05.2015 12:15;17.05.2015 12:24;20.05.2015 15:58;20.05.2015 16:00;2.50;2.50
dnCzmb;1;21;1;2;0;Staatsexamen;2;1;0;1;1.75;2.0;2.0;1.0;0.5;0.00;0.29;1.38;0.28;0.29;0.31;0.30;2;0;3;2;3;;13.05.2015 11:35;13.05.2015 12:02;20.05.2015 14:43;20.05.2015 14:49;2.50;2.50
FwfgGr;0;21;1;2;0;Staatsexamen;2;2;0;0;2.50;1.5;1.5;2.0;2.0;0.00;0.27;1.75;0.25;0.27;0.28;0.27;2;0;4;4;4;;15.05.2015 18:52;15.05.2015 19:06;25.05.2015 11:41;25.05.2015 11:44;3.50;3.50
ksdFMN;2;22;1;3;0;Staatsexamen;2;0;0;0;2.00;2.0;1.5;1.0;1.0;0.50;0.19;1.38;0.31;0.13;0.25;0.07;2;0;3;3;2;;18.05.2015 11:42;18.05.2015 18:59;01.06.2015 15:02;01.06.2015 15:05;2.50;2.50
ltMCXm;1;21;1;2;0;Staatsexamen;2;0;0;1;1.75;2.0;2.0;0.5;0.5;0.00;0.21;1.25;0.10;0.13;0.44;0.15;2;0;3;2;2;Schwer war es anhand der Liste den Zusammenhang zu erkennen. Hier hätte man noch kurze Überschriften wählen können, damit man weiß, was mit den einzelnen Listen gemeint war.;14.05.2015 10:19;18.05.2015 19:09;30.05.2015 10:04;01.06.2015 08:16;2.25;2.25
PfnyyT;2;20;1;2;0;Staatsexamen;2;1;0;1;2.00;2.5;2.5;3.0;2.0;0.00;0.25;2.50;0.06;0.38;0.19;0.38;2;0;3;3;3;Ich hatte den Eindruck, das automatische Feedback war nicht an die Voraussetzung angepasst, dass ich laut Aufgabenstellung einem -Erstsemester- etwas erklären sollte. Diese_r hat wohl ein besser ausgebildetes Kohärenzverstehen.;14.05.2015 16:10;14.05.2015 17:07;31.05.2015 20:04;31.05.2015 20:07;2.75;2.75
rCjGSb;0;23;1;2;0;Staatsexamen;2;1;0;2;2.00;2.5;2.5;1.5;1.0;0.00;0.24;1.88;0.13;0.27;0.23;0.33;2;1;2;3;3;;12.05.2015 17:06;12.05.2015 17:14;26.05.2015 23:54;26.05.2015 23:57;2.50;2.50
tEIqrw;0;19;1;2;1;Staatsexamen;2;2;0;2;1.75;1.0;1.0;2.5;2.5;0.00;0.14;1.75;0.17;0.15;0.11;0.15;2;1;2;2;1;;18.05.2015 12:41;18.05.2015 12:56;01.06.2015 17:56;01.06.2015 18:01;1.75;1.75
YBLDbZ;2;29;1;13;0;Staatsexamen;2;3;1;4;1.25;1.0;1.0;2.5;2.0;0.00;0.36;1.63;0.11;0.45;0.29;0.57;2;0;1;2;0;Die concept Map verdeutlicht sehr anschaulich, wo Brüche im Zusammenhang des ersten Entwurfs auftauchen.;18.05.2015 11:16;18.05.2015 11:28;01.06.2015 20:30;01.06.2015 20:47;1.25;1.25
YRqWoQ;0;20;1;2;0;Staatsexamen;2;2;0;0;2.50;1.5;1.5;1.5;0.5;0.00;0.43;1.25;0.41;0.40;0.50;0.40;2;2;3;3;2;;14.05.2015 19:36;18.05.2015 12:47;02.06.2015 05:40;02.06.2015 05:41;2.50;2.50
yUFkmg;0;21;1;2;0;Staatsexamen;2;1;0;1;2.00;2.0;1.5;4.0;3.5;0.50;0.28;2.75;0.16;0.26;0.31;0.40;2;1;2;3;2;;15.05.2015 16:38;15.05.2015 17:29;01.06.2015 20:23;01.06.2015 20:30;2.25;2.25
YzHsfs;2;20;1;2;0;Staatsexamen;2;0;0;0;2.25;1.5;1.5;2.0;1.5;0.00;0.17;1.63;0.13;0.18;0.13;0.24;2;1;3;3;3;;17.05.2015 16:14;19.05.2015 12:13;28.05.2015 20:12;28.05.2015 20:16;2.75;2.75
aPzaBM;0;25;0;3;0;Staatsexamen;3;1;0;0;2.25;1.5;1.5;2.5;1.5;0.00;0.34;1.75;0.27;0.15;0.63;0.30;2;1;3;3;3;;13.05.2015 16:30;14.05.2015 10:01;22.05.2015 13:32;22.05.2015 13:42;2.75;2.75
XoXBnf;1;22;0;4;0;Staatsexamen;3;1;0;0;2.75;1.5;1.5;3.0;2.5;0.00;0.25;2.13;0.30;0.14;0.40;0.14;2;1;4;4;4;Das Feedback ist nicht gut erklärt, man versteht nicht wirklich was man damit anfangen soll.;18.05.2015 21:17;18.05.2015 21:28;20.05.2015 14:00;20.05.2015 14:03;3.50;3.50
TLnfSP;2;28;1;10;0;Staatsexamen;3;0;0;0;1.25;1.5;1.5;2.5;1.5;0.00;0.18;1.75;0.07;0.10;0.40;0.15;2;0;1;2;1;Es identifiziert teilweise Überleitungen als Brüche... die nicht zusammenhängenden Sätze konnte ich schnell finden, und auch leicht nachvollzieen, warum diese wenig in den Gesamtzusammenhang eingebunden waren.Aber das System gibt keine konkreten Anregungen, was ich daraufhin tun kann, deshalb bin ich unsicher, wie ich die Version verbessern kann. Dennoch glaube ich, dass die zweite Version  kohärenter und somit leichter verständlich ist.;18.05.2015 09:26;18.05.2015 09:53;27.05.2015 07:54;27.05.2015 07:58;1.50;1.50
wQIYYN;0;20;1;3;0;Staatsexamen;3;1;1;2;1.75;3.0;3.0;0.5;0.5;0.00;0.10;1.75;0.08;0.11;0.08;0.11;2;0;1;4;2;Das Feedback ist sehr unverständlich.;18.05.2015 21:39;18.05.2015 21:40;01.06.2015 15:53;01.06.2015 15:56;2.25;2.25
AIShpA;2;22;0;4;0;Staatsexamen;4;1;0;0;2.00;1.5;1.5;0.5;0.5;0.00;0.18;1.00;0.11;0.10;0.22;0.30;2;1;3;2;3;Verwendete Synonyme (z.B. Lehrender/ Erklärender) wurden nicht erkannt, sodass durch die Software zum Teil Kohärenzbrüche angezeigt werden, wo es eigentlich keine gibt.;13.05.2015 15:55;14.05.2015 10:01;01.06.2015 21:27;01.06.2015 21:32;2.50;2.50
AvfMnV;2;22;0;6;0;Staatsexamen;4;1;0;1;1.75;2.0;2.0;0.5;0.5;0.00;0.26;1.25;0.12;0.38;0.19;0.38;2;0;2;3;3;;18.05.2015 23:51;19.05.2015 00:27;30.05.2015 20:21;30.05.2015 20:22;2.50;2.50
BCdDaH;2;22;0;4;0;Staatsexamen;4;1;0;0;2.50;1.5;1.5;2.0;2.0;0.00;0.19;1.75;0.18;0.25;0.09;0.25;2;3;3;2;2;Ich würde es gut finden, wenn man zu einem zweiten Text ein Feedback anforden könnte.;17.05.2015 12:38;17.05.2015 16:25;01.06.2015 19:48;01.06.2015 19:57;2.25;2.25
CwiaEj;0;22;0;4;0;Staatsexamen;4;1;0;0;2.25;1.0;1.0;2.0;1.5;0.00;0.20;1.38;0.09;0.27;0.18;0.27;2;0;4;3;4;"Meiner Meinung nach ist das Überarbeiten des Textes insofern recht schwer, dass die Anhaltspunkte fehlen, was erwartet wird (Wie viele Konzepte sollten in dem Text genannt werden?). Eine absolute Zahl hilft da wenig, wenn sie nicht in Relation gesetzt wird (z.B: ""In dem Text sind 20 Konzepte. Zu nennen sind mind. 15"")";12.05.2015 15:32;12.05.2015 16:07;29.05.2015 16:46;29.05.2015 16:47;3.25;3.25
fGJFKB;0;22;0;6;0;Staatsexamen;4;1;0;0;2.00;2.5;2.5;1.5;1.5;0.00;0.24;2.00;0.27;0.13;0.36;0.19;2;1;2;3;3;Ein elektronisches System ist nicht in der Lage. einen gelungenen oder nicht gelungenen Erklärungstext zu identifizieren. Das Feedback konnte zwar auf fehlende Kohäsionen aufmerksam machen, die sich bei näherer Betrachtung im Text auch fanden. Dabei ist es aber nicht sicher, dass diese Kohäsionen den Text leichter verständlich machen oder nicht. Es war nicht immer ganz eindeutig, an welcher Stelle die fehlenden Konnektionen sein sollten.;14.05.2015 07:17;14.05.2015 07:23;28.05.2015 08:31;28.05.2015 08:33;2.50;2.50
LMJRYt;1;22;0;4;0;Staatsexamen;4;2;0;0;3.00;1.0;1.0;2.0;2.0;0.00;0.22;1.50;0.07;0.36;0.07;0.38;2;2;4;4;4;"Aus dem ""Bruchstückhaften"" Feedback wird nicht klar erkenntlich, was im Text gut ist, und was verbessert werden muss.";13.05.2015 09:31;18.05.2015 12:21;19.05.2015 16:36;20.05.2015 13:20;3.50;3.50
oSqDfm;0;20;0;4;0;Staatsexamen;4;1;0;0;1.75;2.0;2.0;1.5;0.5;0.00;0.23;1.50;0.10;0.30;0.19;0.35;2;0;1;4;4;Das Feedback ist zu oberflächlich. Es gibt einem nur einen Überblick das etwas noch nicht ganz so gut ist, jedoch nicht wo man den Fehler gemacht hat. Vielleicht wäre es möglich, dass das Tool die Stellen markiert, wo sich die Koharenzbrüche befinden. Weil im Endeffekt weiß ich jetzt nicht, ob ich meine Erklärung an den richtigen Stellen korrigiert habe oder eben nicht.;14.05.2015 14:38;14.05.2015 15:01;01.06.2015 12:48;01.06.2015 12:49;2.75;2.75
ajTYAS;0;20;1;4;0;Staatsexamen;4;1;0;2;2.00;1.0;1.0;1.5;2.0;0.00;0.20;1.38;0.13;0.30;0.13;0.25;2;0;3;3;1;;14.05.2015 16:19;14.05.2015 16:25;20.05.2015 15:10;20.05.2015 15:16;2.25;2.25
bqkvYr;1;21;1;4;0;Staatsexamen;4;2;1;2;2.00;1.5;1.5;0.5;0.5;0.00;0.12;1.00;0.05;0.07;0.20;0.14;2;0;3;3;2;Es war schwer erstmal zu verstehen, wie das Feedback aufgebaut ist und was mit die Aneinanderreihungen von Wörtern überhaupt sagen sollen. Es wäre deutlich sinnvoller die Verbindungen visuell darzustellen, z.B über eine mind map. Es überrascht mich auch, dass Sie das nicht gemacht haben, da bei diesem klarer gemacht werden könnte, wie die einzelnen Wörter untereinander verbunden sind (falls ein Computer das wirklich kann).;18.05.2015 14:58;18.05.2015 15:23;01.06.2015 14:27;01.06.2015 14:37;2.50;2.50
CbXEjO;0;20;1;4;0;Staatsexamen;4;1;0;1;2.00;2.0;2.0;2.0;2.0;0.00;0.12;2.00;0.05;0.19;0.08;0.18;2;1;3;2;2;Für mich war das identifizieren des Feedbacks schwer, da das Feedback nur aus einer Zeile bestand und davon ein Stück am rechten Rand des Textfeldes, in dem das Feedback stand, abgeschnitten und somit nicht einsehbar war.;13.05.2015 14:25;13.05.2015 14:42;01.06.2015 17:57;01.06.2015 18:07;2.25;2.25
ECIEQq;1;20;1;4;0;Staatsexamen;4;2;1;3;2.25;2.5;2.0;3.5;3.5;0.50;0.06;2.88;0.07;0.05;0.07;0.05;2;2;3;2;2;;14.05.2015 12:24;14.05.2015 12:31;01.06.2015 19:44;01.06.2015 19:45;2.25;2.25
ePbAaC;1;22;1;5;0;Staatsexamen;4;1;0;1;2.00;3.5;3.5;1.5;1.5;0.00;0.25;2.50;0.18;0.18;0.20;0.42;2;0;3;3;3;;18.05.2015 16:56;18.05.2015 17:05;01.06.2015 15:08;01.06.2015 15:13;2.75;2.75
EPlFGF;0;22;1;4;0;Staatsexamen;4;2;0;1;2.50;0.5;0.5;1.0;0.5;0.00;0.25;0.63;0.20;0.23;0.25;0.31;2;2;3;3;3;Es wurde nicht angezeigt, wo sich genau der Bruch im Text befand.;18.05.2015 23:30;18.05.2015 23:45;01.06.2015 20:48;01.06.2015 21:04;2.75;2.75
erkUJD;1;21;1;4;0;Staatsexamen;4;1;0;0;2.00;1.0;0.5;3.5;3.0;0.50;0.31;2.00;0.06;0.50;0.10;0.60;2;0;3;3;2;;17.05.2015 15:19;17.05.2015 15:38;01.06.2015 09:44;01.06.2015 09:48;2.50;2.50
FEexaw;1;21;1;4;0;Staatsexamen;4;1;0;2;2.00;1.0;1.0;0.5;0.5;0.00;0.14;0.75;0.20;0.06;0.25;0.06;2;2;1;3;2;"Das Feedback hilft sehr, Synonyme zu entdecken und diese ggf. durch gleiche Wörter zu ersetzen. Dadurch wird der Text einheitlicher. Ich habe nach dem Feedback meinen Text nochmal durchgelesen. Dabei ist mir aufgefallen, dass ich häufig lange Sätze verwende. Ich habe deshalb einige Kommata durch Punkte ersetzt und die Sätze somit kürzer und einfacher gemacht. Diese Funktion hat das elektronische Feedback allerdings nicht. Es beschränkt sich, soweit ich das verstanden habe, auf die Semantik einzelner Wörter. 2 Wörter, die mir als ""Zusammenhanglos"" angezeigt wurden, passen nicht in irgendein Konzept, sind mir aber wichtig, genannt zu werden, weshalb ich sie nicht korrigiert habe. Ich denke die Feedbackfunktion hilft vor allem, noch mal detailliert auf den Text zu schauen (v.a. sprachlich), letztlich korrigiert habe ich ihn allerdings mit dem Hintergrundwissen aus der Vorlesung und weniger aus den Angaben der Feedbackfunktion. Diese konnte ich eher schwer umsetzen (vielleicht müsste man das auch erst lernen).";17.05.2015 12:51;17.05.2015 13:01;25.05.2015 17:10;25.05.2015 17:14;2.00;2.00
ijaBKg;2;21;1;4;0;Staatsexamen;4;0;0;0;2.25;1.5;1.5;2.0;1.5;0.00;0.13;1.63;0.08;0.18;0.09;0.18;2;0;4;3;3;Ich finde die Idee einer Concept Map grundsätzlich sehr gut. In diesem Fall allerdings nicht, da mir nicht ganz klar war, worin mein Entwurf brüchig war und wo er verbessert werden könnte. Er spiegelte eher meine Beschreibung wieder, als dass er auf Probleme hinwieß.;18.05.2015 17:59;19.05.2015 19:52;29.05.2015 20:10;29.05.2015 20:11;3.00;3.00
JGIvVu;0;22;1;4;0;Staatsexamen;4;1;0;1;2.25;2.5;2.5;2.0;2.0;0.00;0.24;2.25;0.23;0.17;0.21;0.33;2;1;3;3;3;Ein genauerer Hinweis auf die Brüche im Text hätte die überarbeiten deutlich einfacher gemacht.;17.05.2015 12:48;19.05.2015 06:27;01.06.2015 08:02;01.06.2015 18:56;2.75;2.75
jhgwzh;0;21;1;4;0;Staatsexamen;4;1;0;0;2.25;2.0;2.0;2.0;2.0;0.00;0.26;2.00;0.10;0.42;0.10;0.42;2;1;3;3;2;;15.05.2015 13:34;15.05.2015 13:39;21.05.2015 15:15;21.05.2015 15:17;2.50;2.50
lqPdSk;1;24;1;10;0;Staatsexamen;4;1;0;1;2.00;0.5;0.5;1.5;1.5;0.00;0.15;1.00;0.13;0.11;0.13;0.22;2;1;3;2;2;;18.05.2015 21:10;18.05.2015 21:16;02.06.2015 07:46;02.06.2015 07:50;2.25;2.25
oWHmgp;0;21;1;4;0;Staatsexamen;4;1;0;0;2.25;2.5;2.5;2.5;2.5;0.00;0.37;2.50;0.28;0.47;0.28;0.47;2;0;4;3;3;;15.05.2015 14:00;15.05.2015 14:04;28.05.2015 19:28;28.05.2015 19:29;3.00;3.00
rxhrRZ;1;21;1;4;0;Staatsexamen;4;2;1;1;1.25;2.0;1.5;2.5;2.5;0.50;0.18;2.13;0.11;0.25;0.11;0.25;2;0;1;2;3;;18.05.2015 20:08;18.05.2015 20:09;31.05.2015 17:32;31.05.2015 17:34;2.00;2.00
tPBSbP;1;20;1;4;0;Staatsexamen;4;2;1;1;2.00;1.0;1.0;1.5;1.5;0.00;0.52;1.25;0.50;0.45;0.67;0.45;2;0;3;3;3;Ich konnte nicht wirklich identifizieren, welche Inhalte meiner Erklärung nicht korrekt waren, beziehungsweise konnte nicht nachvollziehen, wie das Ganze gegliedert war, und was sich worauf bezogen hat.;17.05.2015 07:47;17.05.2015 07:56;20.05.2015 18:11;20.05.2015 18:12;2.75;2.75
xGxzKP;1;21;1;4;0;Staatsexamen;4;1;0;1;1.50;2.0;2.0;2.0;1.5;0.00;0.25;1.88;0.18;0.14;0.45;0.21;2;0;2;2;2;"Es werden auch bestimmte Wörter aufgegriffen die zu Redewendungen gehören (so beispielsweise bei ""etwas im Kopf haben"" das Wort ""Kopf""). Dies ist für die Überarbeitung erstmal sehr irritierend.";13.05.2015 11:02;13.05.2015 11:11;28.05.2015 13:13;28.05.2015 13:16;2.00;2.00
XoQWrB;0;21;1;4;0;Staatsexamen;4;1;0;1;2.00;2.5;2.5;2.0;2.0;0.00;0.10;2.25;0.07;0.13;0.07;0.13;2;1;2;3;2;;17.05.2015 12:09;17.05.2015 12:26;01.06.2015 16:04;01.06.2015 16:14;2.25;2.25
zJtCsC;2;36;0;14;1;Staatsexamen;5;2;0;4;2.00;2.0;1.5;1.5;1.0;0.50;0.14;1.50;0.10;0.21;0.10;0.14;2;1;2;3;3;Durch das Schaubild war ich mir nicht sicher ab wann es zu einem inhaltlichen Bruch, welcher überarbeitet werden musste gekommen ist. Die Frage die ich mir gestellt habe war, ob bei fehlender Kohäsion ein Punkt dann alleine aufgezeigt ist, oder ob es einer gewissen Anzahl an Verbindungen bedarf, die eine Überarbeitungen erforderlich machen oder nicht. Also z.B. pro Punkt 3 Verbindungen plus sind gut und alles darunter bedarf einer Neugestaltung des Textes.Ich wollte nicht mehr zurückklicken und hoffe ich habe dies in einem entsprechenden Hinweis nicht überlesen.;13.05.2015 11:42;13.05.2015 11:54;01.06.2015 17:04;01.06.2015 17:10;2.50;2.50
zokwsD;1;27;0;11;1;Staatsexamen;5;1;0;0;1.50;1.5;1.5;1.5;1.0;0.00;0.11;1.38;0.14;0.11;0.08;0.11;2;0;2;2;2;Wie kann ein nicht denkender Computer Brüche in Argumentationsgängen feststellen? Das Feedback orientiert sich an verbalen Oberflächlichkeiten.;15.05.2015 20:29;15.05.2015 20:42;31.05.2015 20:02;31.05.2015 20:04;2.00;2.00
XamsqO;0;21;1;6;0;Staatsexamen;5;2;1;1;2.50;1.0;1.0;1.5;1.5;0.00;0.27;1.25;0.20;0.33;0.20;0.33;2;1;3;4;3;Das Feedback ist schrecklich unspezifisch und es erklärt nicht, was es eigentlich kritisiert. D.h. man kann sich eventuell verbessern, wenn man zufällig das verbessert, was das Programm angekreidet hat. Oder man versteht das Programm falsch und verbessert etwas ganz anderes. Ich halte das für nicht sonderlich effektiv.;16.05.2015 14:52;16.05.2015 15:11;24.05.2015 00:05;24.05.2015 00:06;3.00;3.00
gfdmHL;0;22;0;6;1;Staatsexamen;6;2;0;2;3.00;0.5;0.5;2.5;2.5;0.00;0.25;1.50;0.33;0.13;0.42;0.13;2;2;4;4;4;Die Software schien bei mir eine Vielzahl von Konzepten auszumachen, die die übersichtliche Darstellung der Konzepte und Kohärenzbrüche wie sie bei Kommilitonen von mir zustande kam unmöglich machte. Daher stand ich nur vor den Zahlen der 48 Konzepte und 5 Kohärenzbrüche. Da ich den Zahlen wenig Glauben schenke (48 Konzepte ist für Knapp 300 Wörter irgendwie schwer zu glauben), war das Feedback für mich überhaupt nicht hilfreich.;18.05.2015 14:43;18.05.2015 15:36;01.06.2015 22:13;01.06.2015 22:13;3.50;3.50
LUgVqg;0;28;0;15;0;Staatsexamen;6;1;0;3;2.50;2.5;1.5;0.5;0.5;1.00;0.15;1.25;0.13;0.06;0.36;0.06;2;2;3;3;3;Die Software hat die Anzahl der Konzepte und Kohärenzbrüche genannt. Wie meist, ist es so, dass man Fehler gerne übersieht, wenn man nicht direkt darauf hingewiesen wird, daher kann ich nicht wirklich bestätigen, dass die Überarbeitung viel Lerneffekt für mich hatte. Auch die positiven Aspekte, also die Konzepte wären interessant zu erfahren gewesen, da man manchmal Konzepte anschneidet ohne dies selbst zu erkennen.;18.05.2015 14:07;18.05.2015 14:32;01.06.2015 08:49;03.06.2015 13:45;2.75;2.75
mieqFl;0;22;0;6;1;Staatsexamen;6;2;0;1;2.00;1.5;1.5;0.5;0.5;0.00;0.17;1.00;0.17;0.08;0.33;0.08;2;0;3;3;3;"Die Rückmeldung ist leider zu unspezifisch, aus der bloßen Nennung einer Anzahl an sogenannten ""Kohärenzbrüchen"" ist nicht auf die offensichtlich ""falsche Stelle"" zu schließen.";14.05.2015 13:09;14.05.2015 13:17;29.05.2015 09:27;29.05.2015 09:30;2.75;2.75
rZIWoq;1;21;0;6;1;Staatsexamen;6;2;0;2;2.00;3.5;3.5;0.5;0.5;0.00;0.27;2.00;0.17;0.33;0.23;0.33;2;0;4;2;2;Bei einer solch geringen Wortanzahl eine wissenschaftlich-niveauvolle Erklärung zu schreiben, ohne Kohärenzbrüche ist für mich schwierig, wenn nicht gar unmöglich.;16.05.2015 09:10;16.05.2015 09:15;25.05.2015 14:05;25.05.2015 14:12;2.50;2.50
tLNZHu;0;24;0;8;0;Staatsexamen;6;0;0;0;2.00;2.0;1.5;0.5;0.5;0.50;0.16;1.13;0.09;0.11;0.22;0.22;2;0;3;3;3;Es ist deshalb etwas schwer, weil man sich nicht sicher ist, nach welchem Prinzip der Text ausgewertet wird. Sind Kohärenzbrüche schon durch kleine grammatikalische Fehler wie die Kommasetzung gegeben, oder sucht das Programm nur nach dem Auftauchen und in Bezug setzen verschiedener Worte?  Es war auch nicht besonders leicht die 18 Konzepte in den 9 Sätzen ausfindig zu machen und es stellt sich die Frage in mir ob einfach jeder Teilsatz schon ein Konzept darstellt. Aber es ist ein sehr interessantes Programm und eine gute Idee!;17.05.2015 17:58;17.05.2015 18:13;31.05.2015 11:43;31.05.2015 11:53;2.75;2.75
ZLFLDV;2;22;0;6;0;Staatsexamen;6;1;0;1;1.50;1.5;1.5;1.5;1.5;0.00;0.25;1.50;0.25;0.20;0.33;0.20;2;0;1;3;1;"Brüche im Text zu identifizieren war für mich im Nachhinein kein Problem; zwischen wichtigen und unwichtigen Worte zu unterscheiden für die Software offenbar schon.";18.05.2015 18:37;18.05.2015 18:42;01.06.2015 18:35;01.06.2015 18:37;1.75;1.75
dykMBa;0;22;1;6;0;Staatsexamen;6;1;0;1;2.00;1.0;1.0;0.5;0.5;0.00;0.26;0.75;0.23;0.23;0.30;0.27;2;0;3;3;3;-Kohärenzbrüche sind nicht markiert, müssen also selbst identifiziert werden.-da das Feedback maschinell erstellt wird, werden vermutlich auch Kohärenzbrüche identifiziert, die vom Leser nicht als Kohärenzbrüche wahrgenommen werden.-es wird angezeigt, wie;17.05.2015 14:06;17.05.2015 14:24;31.05.2015 12:39;31.05.2015 13:11;2.75;2.75
fFZBVK;2;23;1;6;1;Staatsexamen;6;2;0;2;1.75;1.0;1.0;2.5;1.5;0.00;0.14;1.50;0.13;0.09;0.25;0.09;2;1;2;2;1;;14.05.2015 09:03;16.05.2015 11:11;23.05.2015 08:38;23.05.2015 08:40;1.75;1.75
LIeBgf;2;23;1;6;1;Staatsexamen;6;2;0;0;2.25;3.0;3.0;0.5;0.5;0.00;0.39;1.75;0.33;0.36;0.50;0.36;2;1;3;3;3;Die Darstellung im Schaubild macht das Feedback zwar übersichtlich und stellt Zusammenhänge zwischen verschiendenen Wörtern / Wortgruppen/ Wortfeldern her, jedoch finde ich es schwierig damit zu arbeiten, da man keine genaue Rückmeldung darüber erhält wie und wo genau man in seiner Erklärung Fehler oder problematische Kohärenzbrüche hat.;18.05.2015 08:57;18.05.2015 13:12;22.05.2015 11:11;22.05.2015 11:14;2.75;2.75
qAVJTX;2;23;1;6;1;Staatsexamen;6;2;0;3;1.25;3.5;3.5;0.5;0.5;0.00;0.22;2.00;0.25;0.06;0.50;0.06;2;0;1;2;1;;17.05.2015 15:38;17.05.2015 15:48;30.05.2015 12:13;30.05.2015 12:15;1.50;1.50
vSDewz;1;21;1;6;1;Staatsexamen;6;1;0;0;2.25;1.5;1.5;2.0;2.0;0.00;0.23;1.75;0.14;0.17;0.29;0.33;2;1;3;3;3;Da nur zwei Listen angezeigt wurden, ohne eine Erklärung um was es sich für Listen handelt, wusste ich nicht, was gut oder was schlecht an meinem Text war und was ich wie verändern soll.;12.05.2015 17:17;12.05.2015 17:24;26.05.2015 17:12;26.05.2015 17:14;2.75;2.75
XieqCT;0;23;1;6;1;Staatsexamen;6;1;0;0;2.25;1.5;1.5;2.0;2.0;0.00;0.40;1.75;0.50;0.30;0.50;0.30;2;1;3;3;3;;18.05.2015 11:33;18.05.2015 11:34;02.06.2015 14:03;02.06.2015 14:05;2.75;2.75
OTugKt;2;29;0;17;0;Staatsexamen;7;2;1;3;1.75;1.5;1.0;0.5;0.5;0.50;0.15;0.88;0.08;0.18;0.08;0.27;2;1;2;2;2;;14.05.2015 20:31;14.05.2015 20:38;02.06.2015 11:58;02.06.2015 12:36;2.00;2.00
FhgFVi;0;23;1;8;0;Staatsexamen;7;1;0;2;2.00;1.5;1.5;1.5;1.0;0.00;0.10;1.38;0.10;0.09;0.13;0.09;2;0;3;3;3;;18.05.2015 09:26;18.05.2015 09:53;20.05.2015 15:34;20.05.2015 15:35;2.75;2.75
zeMrEX;2;25;1;9;1;Staatsexamen;7;1;0;2;2.25;1.5;1.5;2.0;1.5;0.00;0.22;1.63;0.09;0.08;0.50;0.20;2;1;3;3;3;;18.05.2015 10:38;18.05.2015 12:27;01.06.2015 20:28;01.06.2015 20:33;2.75;2.75
kpcFtu;2;23;0;8;1;Staatsexamen;8;2;0;1;2.50;2.0;2.0;1.0;1.0;0.00;0.29;1.50;0.13;0.43;0.13;0.46;2;2;3;3;2;;17.05.2015 11:10;17.05.2015 11:13;01.06.2015 12:20;01.06.2015 12:23;2.50;2.50
UpuddN;0;24;0;8;1;Staatsexamen;8;2;0;2;2.25;2.0;2.0;1.0;1.0;0.00;0.46;1.50;0.56;0.38;0.50;0.38;2;1;3;3;3;;18.05.2015 21:52;18.05.2015 22:01;01.06.2015 22:19;01.06.2015 22:20;2.75;2.75
vMMbFM;0;26;0;8;0;Staatsexamen;8;0;0;0;2.50;1.0;1.0;1.0;1.0;0.00;0.21;1.00;0.13;0.25;0.13;0.33;2;0;4;4;4;Ich wusste nicht was ich mit dem Feedback anfangen sollte.Dort stand ich habe 17 Konzepte und der Text ist kohärent.Heißt das nun ich habe genug Konzepte reingebracht oder sind es zu wenig und war der Text nun richtig geschrieben?Das alles konnte ich mit dem Feedback nicht beantworten.;14.05.2015 10:07;14.05.2015 10:09;20.05.2015 18:46;20.05.2015 18:50;3.50;3.50
bUdvic;0;24;1;11;1;Staatsexamen;8;1;1;1;2.25;2.0;2.0;2.5;2.5;0.00;0.13;2.25;0.08;0.21;0.08;0.15;2;1;4;2;2;"Mein Feedback war: ""Sie haben 27 Konzepte und einen kohärenten Text geschrieben"". Damit konnte ich einfach nichts anfangen -  wie viele Konzepte sollen denn drin sein? Sind das nun viele oder wenig? Ich hatte schon alles drin, was ich für wichtig hielt. Mein Text war laut Feedback auch schon schön kohärent, also habe ich meinen Text nach dem Feedback unverändert abgeschickt. Irgendwie schade, ich war schon auf das Feedback und das überarbeiten gespannt, aber es hat mir einfach keinen guten Impuls zum Überarbeiten gegeben.";16.05.2015 08:31;16.05.2015 08:33;02.06.2015 05:25;02.06.2015 05:30;2.50;2.50
SHvhrR;0;23;1;8;1;Staatsexamen;8;2;0;1;1.25;1.5;1.5;3.0;3.0;0.00;0.08;2.25;0.06;0.05;0.12;0.10;2;0;1;2;2;Die Anzahl der Kohärenzbrüche wird genannt. Der Ort der Brüche wird jedoch nicht angezeigt.;19.05.2015 10:41;19.05.2015 10:48;21.05.2015 16:08;21.05.2015 16:15;1.75;1.75
xfobvO;1;26;1;14;1;Staatsexamen;8;2;0;2;2.25;1.0;1.0;1.0;1.0;0.00;0.31;1.00;0.27;0.33;0.30;0.33;2;0;3;4;4;;17.05.2015 19:12;17.05.2015 19:22;01.06.2015 17:11;01.06.2015 17:12;3.25;3.25
HuxTci;1;28;0;10;1;Staatsexamen;10;2;1;2;3.50;0.5;0.5;1.0;1.0;0.00;0.19;0.75;0.13;0.21;0.21;0.21;2;4;4;4;4;"Der Zusammenhang aus der Liste mit warlos gewählten Wörtern und dem von mir verfassten Fließtext wird mir nicht ganz klar!Ich meine die Aufgabe gelöst zu haben, doch habe ich nicht verstanden was ich mit der ""Wörterliste"" anzufangen habe.";12.05.2015 22:51;12.05.2015 23:04;28.05.2015 17:41;28.05.2015 17:43;3.50;3.50
BLXijC;2;24;1;6;0;Staatsexamen;10;1;0;2;1.75;2.0;2.0;2.0;2.0;0.00;0.29;2.00;0.30;0.27;0.38;0.21;2;0;3;2;2;"Da es computergeneriert ist und nur auf bestimmte Worte zielt, wird eine Mind-Map zwar ersichtlich machen, wo welches Wort das erste Mal auftaucht, doch glaube ich irgendwie nicht, dass sie wirklich Zusammenhängen aufgreift. Sollte man nur beispielhaft bestimmte Worte aufgeführt haben, so würde das Programm es doch sicher nicht erkennen. Trotzdem ist es eine gute erste Möglichkeit Texte in einfachen Konstrukten  abzubilden.Mir war nur nicht nachvollziehbar, wie die Worte alle miteinander in Verbindung gebracht worden sind, wo sie doch teilweise soweit auseinander im Text standen, demnach wusste ich bei der Überarbeitung nicht wie ich die ""Verknotung"" richtig zu lösen hatte. Das Problem war also klar, nur der Weg zur Lösung nicht, weil ich die Problemerörterung nicht verstand.";18.05.2015 06:52;18.05.2015 07:12;01.06.2015 21:56;02.06.2015 06:50;2.25;2.25
hyWAAn;0;23;1;-8;0;Staatsexamen;7;1;1;0;2.75;2.0;2.0;1.5;1.0;0.00;0.30;1.63;0.33;0.17;0.55;0.17;3;1;4;3;3;Das Feedback ist schwer, da nicht dasteht, wo der Fehler (Kohäsionsbruch z.B.) sich befindet.;14.05.2015 23:06;14.05.2015 23:12;19.05.2015 15:59;19.05.2015 16:02;3.25;3.25
GwkPsg;0;25;1;-10;1;Staatsexamen;6;1;1;2;3.25;1.0;1.0;3.5;3.5;0.00;0.17;2.25;0.21;0.14;0.15;0.15;3;2;4;4;4;Ich bin mir nicht sicher, ob ich das ganze Feedback sehen konnte.Es kam nur die Meldung: Sie haben 24 Konzepte und 2 Kohäsionsbrüche in Ihrem...Danach ging der Satz weiter, aber ich konnte ihn nicht mehr sehen, fand aber auch keine Leiste zum scrollen.Daher wusste ich nicht sicher, ob eventuell noch weitere Informationen folgten.;17.05.2015 16:17;17.05.2015 16:34;01.06.2015 16:38;01.06.2015 16:46;3.75;3.75
ZBfrrr;0;20;1;-1;0;Staatsexamen;2;0;0;0;2.50;1.5;1.5;0.5;0.5;0.00;0.60;1.00;0.80;0.36;0.86;0.36;3;1;3;3;3;Es gibt keine genauen Hinweise.;15.05.2015 13:12;15.05.2015 13:38;31.05.2015 13:58;31.05.2015 14:28;3.00;3.00
rUQcMt;0;24;1;9;0;Staatsexamen;1;0;0;1;2.25;1.5;1.5;1.5;1.5;0.00;0.30;1.50;0.13;0.53;0.13;0.44;3;0;3;3;4;;19.05.2015 05:46;19.05.2015 05:54;02.06.2015 06:13;02.06.2015 06:18;3.25;3.25
sSiPxt;1;21;0;2;0;Staatsexamen;2;1;0;1;2.50;2.5;2.5;2.0;2.0;0.00;0.12;2.25;0.18;0.06;0.18;0.06;3;1;3;3;3;Ich konnte das Feedback nicht richtig auf meinen ersten Versuch anwenden, da ich aus den angezeigten Wörtern einfach nicht schlau geworden bin.;18.05.2015 21:30;18.05.2015 21:40;31.05.2015 15:56;31.05.2015 22:41;3.00;3.00
ayMFYf;1;20;1;2;0;Staatsexamen;2;1;0;0;3.25;3.0;3.0;2.0;2.0;0.00;0.33;2.50;0.32;0.29;0.41;0.29;3;3;4;3;2;Die Feedbackmethode der Liste war für mich nicht besonders leicht zu verstehen. Es war nicht besonders gut deutlich, für was die verschiedenen Splaten stehen und inwiefern die Wörter angeordnet waren. Meiner Meinung nach ist ein mündliches Feedback um einiges leichter zu verstehen. Schon ein ausfürhlicher Text hätte mir mehr geholfen. Die einzelnen Wörter in den Listen haben mir nicht besonders viel Antwort gegeben.;18.05.2015 19:20;19.05.2015 17:09;01.06.2015 22:37;01.06.2015 22:40;3.00;3.00
BRcVBT;2;20;1;2;0;Staatsexamen;2;1;0;2;2.50;2.0;2.0;1.5;1.5;0.00;0.18;1.75;0.14;0.17;0.21;0.18;3;1;3;3;3;Man weiß nicht genau, ob das mind map komplett zusammenhängen muss. Außerdem war es mir nicht klar, ob es ein gutes oder schlechtes Zeichen ist, wenn sich die Pfeile oft kreuzen. Ich glaube ganze Sätze hätten mir als Feedback mehr geholfen;16.05.2015 15:42;16.05.2015 15:46;01.06.2015 12:48;01.06.2015 12:50;3.00;3.00
ENqcyT;0;20;1;2;0;Staatsexamen;2;0;0;0;2.75;0.5;0.5;1.5;1.5;0.00;0.43;1.00;0.43;0.45;0.38;0.45;3;0;4;4;4;In dem feedback werden keine inhaltlichen Aspekte genannt. Man weiß nicht, auf welchen Teil des Textes es sich bezieht. Und Konzpete bei Erklären von Konzepten zu suchen ist auch etwas schwierig.;18.05.2015 19:51;18.05.2015 19:59;22.05.2015 06:24;22.05.2015 06:26;3.75;3.75
giZtsY;0;19;1;2;0;Staatsexamen;2;1;0;1;3.00;1.0;1.0;1.0;1.0;0.00;0.50;1.00;0.55;0.45;0.55;0.45;3;1;4;4;3;Das Feedback wurde nicht gesamt angezeigt und brach mitten in einem Wort ab.;16.05.2015 10:24;16.05.2015 11:40;31.05.2015 18:30;31.05.2015 18:39;3.50;3.50
gUSLvo;0;20;1;4;0;Staatsexamen;2;0;0;0;2.75;1.5;1.5;2.5;2.5;0.00;0.30;2.00;0.14;0.36;0.30;0.38;3;1;3;4;4;"Durch die Nennung der Anzahl der Kohäsionsbrüche und der Konzepte war ich eher verwirrt, weil ich nicht genau wusste, was unter ""Konzept"" verstanden werden sollte. Außerdem wäre es mit Markierungen sehr viel einfacher gewesen, die Brüche zu identifizieren. Des Weiteren sind mir einige grammatikalische Fehler aufgefallen.";18.05.2015 13:42;18.05.2015 13:54;31.05.2015 10:21;31.05.2015 10:24;3.50;3.50
kGFQzF;1;22;1;2;0;Staatsexamen;2;1;0;0;2.50;1.5;1.5;1.0;0.5;0.00;0.51;1.13;0.43;0.50;0.43;0.67;3;1;3;3;3;Ich fand es schwer zu erkennen, was ich falsch gemacht habe und dies mit Hilfe der Liste zu ändern. Es hat für mich nicht viel Sinn ergeben, vielleicht hätte das vorher besser erklärt werden müssen.;14.05.2015 15:13;19.05.2015 06:05;02.06.2015 07:04;02.06.2015 07:06;3.00;3.00
VbAgzL;1;22;1;4;0;Staatsexamen;2;2;0;1;2.25;2.0;2.0;1.0;0.5;0.00;0.39;1.38;0.44;0.40;0.33;0.36;3;1;2;3;2;Leicht mit Feedback zu arbeiten ist es, wenn es auch gut beschrieben die einzelnen Fehler erklärt.;14.05.2015 16:37;17.05.2015 21:42;27.05.2015 10:58;27.05.2015 11:07;2.50;2.50
ygZBcD;0;22;1;10;0;Staatsexamen;2;1;0;2;3.00;2.5;2.5;1.5;1.5;0.00;0.25;2.00;0.23;0.25;0.25;0.25;3;1;4;4;3;;18.05.2015 20:55;18.05.2015 21:16;31.05.2015 15:34;31.05.2015 15:36;3.50;3.50
zyTYuD;1;20;1;2;0;Staatsexamen;2;0;0;1;2.75;1.5;1.5;1.0;1.0;0.00;0.16;1.25;0.20;0.09;0.20;0.14;3;0;4;4;4;Mir hat das Feedback nicht wirklich weiter geholfen. Ich habe versucht mit den Begriffen der Vorlesung die Erklärung zu schreiben, bin nur beim Thema Erklärung geblieben und trotzdem hat es mir die Brüche angezeigt.Ich konnte mit der Feedbackliste meine Erklärung auch nicht überarbeiten was ich eigentlich schade finde.;12.05.2015 19:40;12.05.2015 19:48;20.05.2015 19:23;20.05.2015 19:29;3.75;3.75
eKvsPy;2;21;1;4;0;Staatsexamen;2;0;0;1;2.25;2.0;2.0;1.0;1.0;0.00;0.10;1.50;0.10;0.09;0.11;0.10;3;0;3;3;2;;16.05.2015 21:36;16.05.2015 21:46;30.05.2015 19:46;30.05.2015 19:53;2.75;2.75
KwvFov;1;20;0;4;1;Staatsexamen;4;1;0;1;2.75;3.0;2.0;2.0;2.0;1.00;0.18;2.25;0.35;0.08;0.20;0.08;3;1;4;3;3;Die Arbeit mit dem Feedback fiel mir persönlich sehr schwer, da ich das Feedback ziemlich ungenau und unschlüssig finde. Es wurden nur einzelne Wörter, die man verwendet hat in einer Liste aufgeführt. Wenn man z.B. wichtige inhaltliche Details außer Acht gelassen hat, hat man diesbezüglich keinerlei Rückmeldung bekommen. Normalerweise sollte meiner Meinung nach ein Feedback schlüssiger sein und in ganzen Sätzen ausformuliert sein. Somit ist es für den Verfasser einfacher, Dinge zu überarbeiten.;13.05.2015 12:32;16.05.2015 09:38;19.05.2015 18:57;19.05.2015 19:13;3.25;3.25
nruitN;0;24;0;6;0;Staatsexamen;4;2;0;3;2.50;2.5;2.5;2.5;2.5;0.00;0.21;2.50;0.11;0.29;0.13;0.31;3;0;3;4;2;besonders schwer:Es stand ohne weitere Erklärung da wie viele Kohärenzbrüche und Konzepte im Text vorhanden waren. Für mich war das nicht wirklich ein Feedback auf dessen Grundlage ich meinen Text weiter verbessern konnte.Besonders da nicht angegeben war ob der Text nun gut oder schlecht war bzw. ob die Erklärung gut oder schlecht war.;18.05.2015 19:35;18.05.2015 19:44;01.06.2015 09:54;01.06.2015 09:56;3.00;3.00
QfMuBe;1;21;0;4;0;Staatsexamen;4;1;0;1;3.25;3.0;3.0;0.5;0.5;0.00;0.14;1.75;0.14;0.14;0.14;0.14;3;3;3;4;4;"Ich habe nicht wirklich verstanden was mir das Feedback sagen wollte. Eine Identifikation der ""Fehler"" in dem Text selber (großer Zeilenabstand und die Korrektur dazwischen) wäre verständlicher gewesen.";18.05.2015 10:28;18.05.2015 10:36;30.05.2015 14:00;30.05.2015 14:03;3.50;3.50
RMczzi;0;21;0;4;0;Staatsexamen;4;2;0;1;3.75;1.0;1.0;1.0;1.0;0.00;0.15;1.00;0.17;0.13;0.17;0.13;3;4;4;4;4;;18.05.2015 21:16;18.05.2015 21:19;02.06.2015 07:49;02.06.2015 07:50;3.75;3.75
vIZfhq;0;20;0;4;0;Staatsexamen;4;0;0;1;3.50;2.0;2.0;1.0;0.5;0.00;0.26;1.38;0.38;0.17;0.33;0.17;3;3;4;4;4;Ich habe nicht verstanden auf welche Sätze, etc sich das Feedback jeweils bezog.;12.05.2015 13:39;12.05.2015 17:54;31.05.2015 16:05;31.05.2015 16:05;3.75;3.75
wwpDOD;1;19;0;4;0;Staatsexamen;4;2;0;1;2.75;2.5;2.0;3.0;3.0;0.50;0.10;2.63;0.08;0.11;0.08;0.11;3;1;4;3;3;;18.05.2015 12:41;18.05.2015 13:43;01.06.2015 20:31;01.06.2015 20:33;3.25;3.25
cpJvxq;2;20;0;0;0;Staatsexamen;4;0;0;0;3.00;1.5;2.5;2.5;2.5;-1.00;0.09;2.25;0.08;0.08;0.10;0.09;3;2;4;3;3;Die Concept-Map beim Feedback war etwas irreführend. Ein computergesteuertes Feedback hat auf jeden Fall nicht den gleichen Wert, wie ein persönliches Feedback.Ich konnte nicht sehen, was an meinem Entwurf schlecht ist, da die Verbindungen in der Concept-Map halbwegs Sinn gemacht haben.;16.05.2015 07:21;16.05.2015 07:54;20.05.2015 12:09;20.05.2015 12:29;3.25;3.25
BmcMDv;0;22;1;4;0;Staatsexamen;4;1;0;2;2.25;2.5;2.5;1.0;0.5;0.00;0.18;1.63;0.20;0.15;0.22;0.15;3;0;3;3;3;;14.05.2015 17:22;17.05.2015 09:47;27.05.2015 17:47;28.05.2015 12:52;3.00;3.00
btBqmu;0;22;1;4;0;Staatsexamen;4;1;1;2;2.25;2.5;2.5;1.5;1.5;0.00;0.21;2.00;0.15;0.17;0.26;0.25;3;1;3;2;3;Die Anzahl der Konzepte war angegeben. Es war jedoch nicht angegeben, ob diese Zahl im Rahmen der Aufgabe liegt bzw. zu groß/zu klein ist. Da nicht genau genannt wurde, an welche Stellen Brüche auftauchen, war es zwar teilweise hilfreich, sich tatsächlich noch einmal mit dem ganzen Text auseinander zu setzen, teilweise endete dies aber auch in willkürlichem Einfügen von Überlappungen bei der Bearbeitung.;14.05.2015 15:13;15.05.2015 11:49;01.06.2015 13:06;01.06.2015 13:12;2.75;2.75
cmFccM;1;21;1;4;0;Staatsexamen;4;1;0;2;2.50;3.0;1.5;1.5;1.0;1.50;0.26;1.75;0.33;0.23;0.25;0.23;3;0;4;3;4;Die Kohärenzbrüche waren meiner Meinung nach nicht deutlich erkennbar, es schien, als wären bloß einige Stichworte aus dem Zusammenhang in Listen eingefügt worden. Ich habe dahinter leider den Sinn nicht verstanden.;13.05.2015 20:35;13.05.2015 21:12;24.05.2015 07:25;24.05.2015 07:26;3.50;3.50
cVUKxB;2;22;1;2;0;Staatsexamen;4;0;0;2;3.00;1.0;1.0;0.5;0.5;0.00;0.44;0.75;0.27;0.50;0.50;0.50;3;3;3;3;3;;14.05.2015 14:41;14.05.2015 14:50;25.05.2015 10:10;25.05.2015 10:14;3.00;3.00
FiXAPR;2;19;1;4;0;Staatsexamen;4;1;0;0;2.75;1.5;1.0;0.5;0.5;0.50;0.19;0.88;0.13;0.14;0.20;0.29;3;2;3;3;3;Meiner Meinung nach war es nicht einfach Informationen aus dem Diagramm für meinen Text zu ziehen. Daher ist es mir sehr schwer gefallen den Text mit dem Feedback zu überarbeiten.;14.05.2015 16:44;19.05.2015 08:48;03.06.2015 10:41;03.06.2015 10:44;3.00;3.00
fZRlVm;0;19;1;4;0;Staatsexamen;4;1;0;2;2.00;3.0;3.0;1.0;0.5;0.00;0.28;1.88;0.20;0.18;0.25;0.50;3;0;2;3;4;Es werden nicht die Stellen angezeigt, an denen die Software Probleme hat/ Kohärenzbrüche findet. Einem selber fallen die Stellen nicht auf, da man den Text kennt und alle Schritte logisch findet.;12.05.2015 21:46;12.05.2015 21:58;19.05.2015 08:57;19.05.2015 09:05;3.00;3.00
GKpLAa;2;19;1;4;0;Staatsexamen;4;1;0;1;2.50;2.0;2.0;3.5;3.5;0.00;0.13;2.75;0.09;0.17;0.09;0.15;3;1;3;3;3;Die Grafik der Kohäsion ist sehr klein und unübersichtlich. Es war schwer zu erkennen, welche Konzepte verbunden waren und welche nicht. Ebenfalls wäre es besser, wenn die Wörter automatisch gezählt würden.;17.05.2015 13:02;17.05.2015 13:12;31.05.2015 11:44;31.05.2015 11:51;3.00;3.00
hwpRSd;0;22;1;4;0;Staatsexamen;4;1;0;2;2.25;4.0;4.0;1.5;1.5;0.00;0.15;2.75;0.07;0.15;0.21;0.15;3;0;3;3;3;Ich konnte nichts mit dem Feedback anfangen. Es gibt mir zwar die Anzahl der Kohärenzbrüche an, diese dann aber selber zu identifizieren fand ich schwer. Ich hatte das Gefühl, dass sich die Qualität meines Textes durch die Überarbeitung nicht verbesser hat, sondern dass ich nur hier und da noch ein Wort eingefügt oder abgeändert habe, was an sich unnötig war. Auch die Angabe der Konzepte hat mir nicht weiter geholfen. Ist 24 nun eine hohe oder niedrige Zahl an Konzepten? Und was bedeutet diese Zahl für meine Erklärung? Das Feedback hat mir also nicht wirklich geholfen.;16.05.2015 12:37;16.05.2015 12:53;31.05.2015 13:29;31.05.2015 13:31;3.00;3.00
oANNxs;2;21;1;4;0;Staatsexamen;4;1;0;2;2.50;3.0;3.0;2.0;1.5;0.00;0.16;2.38;0.06;0.11;0.30;0.17;3;1;3;3;3;;18.05.2015 20:26;18.05.2015 21:04;01.06.2015 21:08;01.06.2015 21:09;3.00;3.00
OckWzd;2;21;1;4;0;Staatsexamen;4;0;0;0;2.50;0.5;0.5;1.5;1.5;0.00;0.18;1.00;0.09;0.22;0.20;0.22;3;1;3;3;1;;19.05.2015 07:22;19.05.2015 07:28;01.06.2015 13:17;01.06.2015 13:19;2.50;2.50
pqRAXS;2;22;1;4;0;Staatsexamen;4;1;0;1;3.00;1.5;1.5;1.5;1.5;0.00;0.25;1.50;0.11;0.10;0.56;0.22;3;2;4;3;3;meine Kommilitonen haben eine andere Art von Feedback erhalten, was leider sehr verwirrend war. Zudem hat das Programm zum Beispiel nicht vollständig erkannt, dass ich ähnliche Wörter und Verbindungswörter verwendet habe;13.05.2015 20:18;17.05.2015 09:58;31.05.2015 10:35;31.05.2015 10:49;3.25;3.25
QunIzW;1;23;1;4;0;Staatsexamen;4;2;0;0;3.00;2.0;1.5;1.0;1.0;0.50;0.28;1.38;0.17;0.25;0.38;0.33;3;2;4;3;4;Ich finde es generell schwierig mit einem computerbasierten Feedbackprogramm zu arbeiten. Ich kann mir vorstellen, dass es ein enormer (und wahrscheinlich nicht zu bewältigender) Arbeitsaufwand wäre, ein persönliche Rückmeldung zu geben. Trotzdem würde ich mir dies wünschen, da so auf individuelle Fehler und Probleme eher eingegangen werden kann.;15.05.2015 15:28;16.05.2015 19:53;21.05.2015 16:03;21.05.2015 16:05;3.50;3.50
RDIZtY;1;21;1;4;0;Staatsexamen;4;1;0;0;2.25;2.0;2.0;1.5;1.5;0.00;0.13;1.75;0.11;0.11;0.20;0.11;3;0;3;3;3;Die Anordnung des Feedbacks in Spalten finde ich nicht gelungen. Aus der Aufteilung der Wörter in verschiedene Spalten geht nicht hervor, wo genau die Probleme in der Formulierung der Erklärung liegen. Es fällt einigermaßen leicht, Synonyme zu eliminieren, allerdings isoliert das Computerprogramm auch solche Worte, die keine zentralen Konzepte des Erklärens bezeichnen, sondern nur Teil meines sprachlichen Ausdrucks sind.;18.05.2015 17:28;18.05.2015 17:40;23.05.2015 10:25;23.05.2015 10:31;3.00;3.00
SkSYlB;2;19;1;4;0;Staatsexamen;4;2;0;0;2.50;2.0;2.0;1.0;1.0;0.00;0.24;1.50;0.23;0.09;0.46;0.18;3;1;3;3;3;"Da das Feedback lediglich aus einer Concept Map besteht, ist es nicht einfach herauszufinden, was genau an der Erklärung falsch ist. Die Kohäsionsbrüche waren nicht immer eindeutig, da zum Teil bereits lediglich ein Synonym einen neuen nicht vernetzten ""Ast"" darstellte.";15.05.2015 14:16;15.05.2015 14:39;22.05.2015 11:26;22.05.2015 11:31;3.00;3.00
tHanED;1;21;1;6;0;Staatsexamen;4;2;0;1;2.50;3.0;3.0;2.0;2.0;0.00;0.27;2.50;0.46;0.13;0.38;0.13;3;1;3;3;2;"Diese Art des Feedbacks finde ich nicht besonders förderlich, um die Qualität des Entwurfs zu erhöhen. Da das ""Feedback"" eben keine Rückmeldung über die Qualität des Textes gibt: Weder über die verwendete Sprache noch über eventuell fehlende Inhalte.Das macht es schwer Verbesserungen vorzunehmen - ich sehe zwar meine Kohärenzbrüche in der Tabelle... aber was wenn ich diese als tatsächlich nicht existent empfinde?Oder wenn das so gewollt ist?Ein ausformuliertes Feedback hätte mir mehr weitergeholfen (auch wenn das sehr aufwendig zu realisieren ist).";13.05.2015 19:00;18.05.2015 13:10;28.05.2015 09:36;31.05.2015 20:27;2.75;2.75
tRIeha;2;23;1;4;0;Staatsexamen;4;1;0;0;3.75;3.0;3.0;0.5;0.5;0.00;0.12;1.75;0.10;0.08;0.22;0.08;3;4;4;4;4;"Da es sich bei der hier zu erbringenden Aufgabe um niedergeschriebende Gedankengänge handelt, sehe ich keinen Sinn darin, diese von einem Computer korrigieren zu lassen. Bei Texten handelt es sich nicht um Zahlen, die entweder richtig oder falsch eingefügt werden können und deren Richtigkeit somit durchaus über eine Software errechnet werden kann. Es handelt sich vielmehr um ganze Sätze und Gedangenkonstrukte, die in ihrer Gesamtheit betrachtet und beurteilt werden müssten. Diese Aufgabe kann keine Maschine übernehmen. Das Feedback, bestehend aus einer mind map, in der einzelne Worte meines Textes miteinander in Beziehung gesetzt wurden, brachte mich in meiner Überarbeitungsphase um keinen Schritt weiter.Als angehende Lehrerin frage ich mich, ob wir Studierende dieses Korrektursystem als Anregung für später nutzen sollen, um unsere eigene Korrekturzeit zu verringern. Wenn ja, möchte ich mir nicht ausmalen, wie unser Bildungssystem in 20 Jahren aussieht. Heißt die Antwort auf meine Frage jedoch ""nein"", frage ich mich weiter, welchen Nutzen wir sonst aus dieser Aufgabe ziehen können. Schließlich ist sie Teil einer Veranstaltung, die zumindest durch den Titel noch erahnen lässt, dass es sich hier um Schulpädagogik handeln sollte und uns folglich auf unsere bevorstehende Lehrerlaufbahn vorbereiten sollte. Vielleicht helfen diese Zeilen ja als Anregung für nachfolgende Kurse. ;)";14.05.2015 19:34;18.05.2015 13:22;01.06.2015 15:27;01.06.2015 15:28;3.75;3.75
tWkodo;0;22;1;6;0;Staatsexamen;4;1;0;2;2.50;1.0;1.0;2.5;2.5;0.00;0.25;1.75;0.11;0.22;0.10;0.57;3;1;3;3;3;"Es wäre besser, wenn das Feedback noch etwas genauer wäre, d.h., an welchen Stellen genau denn ""Brüche"" etc. noch vorhanden sind. So weiß man nur, dass die Kohärenz noch nicht perfekt ist, aber es ist schwer herauszufinden, auf welche Stellen im Feedback genau Bezug genommen wird.";14.05.2015 13:54;14.05.2015 14:02;26.05.2015 12:53;26.05.2015 12:56;3.00;3.00
UGUTMe;0;21;1;6;0;Staatsexamen;4;2;0;0;1.75;2.0;2.0;2.5;2.5;0.00;0.18;2.25;0.12;0.25;0.12;0.22;3;0;2;2;2;;17.05.2015 08:53;17.05.2015 09:01;26.05.2015 18:51;26.05.2015 18:52;2.25;2.25
UWywqf;2;21;1;4;0;Staatsexamen;4;1;1;2;2.00;2.0;2.0;2.5;2.5;0.00;0.31;2.25;0.45;0.08;0.55;0.15;3;0;3;2;2;;18.05.2015 17:18;18.05.2015 17:31;01.06.2015 09:14;01.06.2015 09:17;2.50;2.50
WTbUsI;1;20;1;4;0;Staatsexamen;4;1;0;1;3.00;2.5;2.5;1.5;1.5;0.00;0.12;2.00;0.10;0.09;0.18;0.09;3;3;3;3;3;Es macht es meiner Meinung nach deshalb schwer, da es schwer verständlich ist!;16.05.2015 13:52;16.05.2015 13:57;28.05.2015 13:06;28.05.2015 13:08;3.00;3.00
xklkJz;2;20;1;4;0;Staatsexamen;4;0;1;1;2.50;1.0;1.0;2.5;2.5;0.00;0.17;1.75;0.09;0.08;0.36;0.15;3;2;2;3;1;;18.05.2015 17:28;18.05.2015 17:35;01.06.2015 07:56;01.06.2015 07:57;2.25;2.25
Ymeejf;1;22;1;5;0;Staatsexamen;4;2;0;0;2.75;2.0;2.0;3.0;2.5;0.00;0.14;2.38;0.10;0.06;0.20;0.19;3;1;4;3;3;Für mich war die Erklärung zur Überarbeitung nicht eindeutig verständlich, da ich in meinem Feedback nicht eindeutig verschiedene Listen oder Spalten unterscheiden konnte.Ansonsten war die Software gut zu benutzen.;15.05.2015 11:55;15.05.2015 11:59;21.05.2015 13:18;21.05.2015 13:22;3.25;3.25
ZCylCO;2;21;1;4;0;Staatsexamen;4;1;1;1;2.25;1.0;1.0;0.5;0.5;0.00;0.06;0.75;0.05;0.04;0.06;0.09;3;1;3;2;1;Das Feedback war schwer, weil ich noch nie mit einer solchen Art Feedback gearbeitet habe und ich deswegen nicht einschätzen konnte, inwieweit ich den Text verändern sollte, um eine Verbesserung zu erreichen.;18.05.2015 13:38;18.05.2015 14:03;19.05.2015 15:22;19.05.2015 15:30;2.25;2.25
CtJQvm;1;23;0;6;0;Staatsexamen;6;1;1;2;3.25;1.0;1.0;1.5;1.0;0.00;0.16;1.13;0.22;0.09;0.25;0.09;3;2;4;4;3;"Das Feedback scheint ein wenig willkürlich zu sein, der Kohäsionsbruch von ""der Lehrende"" zu ""dem Lehrenden"" ist mir zum Beispiel nicht wirklich klar.";18.05.2015 17:13;18.05.2015 17:29;02.06.2015 07:55;02.06.2015 07:55;3.50;3.50
EHvinm;0;24;0;6;0;Staatsexamen;6;2;0;1;3.00;2.5;2.5;2.5;2.5;0.00;0.25;2.50;0.33;0.20;0.38;0.11;3;1;4;4;4;"Man weiß leider nicht im geringsten worauf es sich bezieht. Menschliches Feedback ist dann doch angenehmer als standardisiertes ""Such-deinen-Fehler"" Feedback.";18.05.2015 12:59;18.05.2015 13:03;01.06.2015 13:19;01.06.2015 13:22;3.75;3.75
ITTigG;1;24;0;8;1;Staatsexamen;6;2;1;1;2.25;2.0;1.0;2.0;1.5;1.00;0.25;1.63;0.25;0.14;0.31;0.31;3;0;3;3;3;Ich habe das Feedback nicht ganz verstanden.Ein Beispiel wäre angebracht gewesen.;14.05.2015 14:40;18.05.2015 15:34;19.05.2015 18:53;19.05.2015 19:10;3.00;3.00
kZypGX;0;25;0;8;0;Staatsexamen;6;2;1;1;2.50;2.5;2.0;1.5;1.0;0.50;0.13;1.75;0.11;0.12;0.10;0.18;3;1;3;3;3;Nur ein kurzer Satz im Feedback. Gut, dass man weiß ob der Text kohärent ist oder nicht. Schwer mit der Zahl der Konzepte etwas anzufangen.;13.05.2015 08:22;13.05.2015 09:03;19.05.2015 15:49;19.05.2015 18:58;3.00;3.00
QtGcWm;0;22;0;6;0;Staatsexamen;6;1;1;1;3.75;2.0;1.5;0.5;0.5;0.50;0.25;1.13;0.23;0.18;0.31;0.27;3;4;4;4;4;der kryptische Hinweis x Kohärenzbrüche und x Konzepte zu haben, die durch das verbessern nicht weniger bzw. mehr werden.;18.05.2015 17:13;18.05.2015 17:18;01.06.2015 10:44;01.06.2015 10:48;3.75;3.75
XPPjvF;0;21;0;6;1;Staatsexamen;6;2;0;2;2.50;1.5;1.5;3.0;2.5;0.00;0.27;2.13;0.27;0.17;0.36;0.27;3;1;3;3;3;x Konzepte und y Kohärenzbrüche sagt mir nicht so besonders viel. Ich hätte gerne exemplarisch eine Stelle herausgepickt, die mir zeigt, auf was ich achten muss.;13.05.2015 09:39;13.05.2015 09:41;19.05.2015 18:23;19.05.2015 18:24;3.00;3.00
ADfItL;2;22;1;6;1;Staatsexamen;6;1;0;2;2.75;2.0;2.0;1.5;1.5;0.00;0.18;1.75;0.17;0.10;0.25;0.20;3;1;4;3;3;Das Feedback erkennt nicht alle Verbindungen, die zum Beispiel durch Pronomen hergestellt werden und greift teilweise für die Erklärung nicht bedeutsame Begriffe auf.;13.05.2015 10:38;13.05.2015 10:42;29.05.2015 11:56;29.05.2015 12:04;3.25;3.25
aWtGbX;2;21;1;6;0;Staatsexamen;6;1;1;0;2.50;2.0;2.0;2.0;1.5;0.00;0.43;1.88;0.57;0.29;0.57;0.29;3;1;3;3;3;;18.05.2015 20:09;18.05.2015 20:17;02.06.2015 06:20;02.06.2015 06:22;3.00;3.00
DFgMPD;0;28;1;12;0;Staatsexamen;6;1;0;1;3.00;1.5;1.5;1.0;1.0;0.00;0.11;1.25;0.13;0.07;0.19;0.07;3;1;4;4;3;Das Thema der Konzepte habe ich nicht wirklich verstanden. Schön wäre, wenn die Autokorrektur während des Überarbeitens sich verändern würde. Zumindest in der Anzahl der aufgeführten Kritikpunkte.;18.05.2015 14:59;18.05.2015 15:20;25.05.2015 09:43;25.05.2015 09:47;3.50;3.50
ephvDQ;0;21;1;6;1;Staatsexamen;6;1;0;0;2.50;2.0;2.0;2.0;2.0;0.00;0.33;2.00;0.31;0.29;0.38;0.35;3;1;3;3;3;Feedback sehr allgemein gehalten.;13.05.2015 18:49;13.05.2015 18:52;20.05.2015 13:48;20.05.2015 13:50;3.00;3.00
ffKHju;1;23;1;8;0;Staatsexamen;6;2;1;0;3.00;0.5;0.5;1.5;1.5;0.00;0.18;1.00;0.23;0.13;0.23;0.14;3;1;4;4;3;"Teilweise waren die Wörter in der Liste nicht wirklich Konzepte sondern Teile meiner Erklärung, wie zum Beispiel ""Lehrender"", was gar nicht Teil meiner Erklärung sein sollte. Ich hatte im Feedback jetzt kein einziges Wort. Heißt das dann, dass meine erster Entwurf schon relativ gut war?";16.05.2015 16:27;16.05.2015 16:33;21.05.2015 17:31;21.05.2015 17:34;3.50;3.50
gFVwWK;1;23;1;8;1;Staatsexamen;6;2;0;2;2.50;2.0;2.0;1.0;1.0;0.00;0.08;1.50;0.04;0.09;0.09;0.09;3;0;3;4;1;Ich finde, dass das Feedback wenig über die Qualität des Textes aussagt. Es zeigt lediglich wo Brüche sind.. ob ich eine richtige Erklärung abgegeben habe bzw. wie verständlich diese war, blieb mir noch offen;16.05.2015 18:54;17.05.2015 16:50;23.05.2015 12:23;23.05.2015 12:25;2.75;2.75
hwDjkd;2;23;1;6;1;Staatsexamen;6;0;0;1;1.50;2.0;2.0;1.0;0.5;0.00;0.20;1.38;0.29;0.11;0.29;0.11;3;0;1;2;0;Ich fand das Konzept des Feedbacks ziemlich gut, da man eigene Brüche erkennen konnte und somit Schwächen des eigenen Textes gut identifizieren konnte. Neben den Schwächen zeigt es aber auch bereits gut verknüpfte Wortfelder, die man so belassen kann. Ich finde es schade, dass man den Text nur einmal überarbeiten konnte.;18.05.2015 21:37;18.05.2015 21:48;01.06.2015 21:40;01.06.2015 21:42;1.50;1.50
iNaimB;2;23;1;8;0;Staatsexamen;6;1;0;1;2.25;2.0;2.0;0.5;0.5;0.00;0.18;1.25;0.13;0.13;0.20;0.25;3;0;3;3;2;;19.05.2015 05:28;19.05.2015 05:40;05.06.2015 10:16;05.06.2015 10:21;2.75;2.75
PAFWbv;1;22;1;6;1;Staatsexamen;6;0;0;2;2.50;2.5;2.5;1.5;1.5;0.00;0.20;2.00;0.13;0.13;0.38;0.14;3;0;4;3;2;"Das Feedback war für mich ungewohnt schwer, weil es sich dabei nicht um ein individuelles Feedback gehandelt hat und es nicht in ganzen Sätzen geschrieben war. Ich war mir nicht sicher, ob mein Text tatsächlich solche Brüche hatte oder das ""System"" sie einfach als solche identifiziert hat.";18.05.2015 10:03;18.05.2015 10:14;20.05.2015 18:04;20.05.2015 18:05;3.00;3.00
qAPlws;1;22;1;10;0;Staatsexamen;6;1;0;1;2.25;3.0;1.5;2.5;2.0;1.50;0.40;2.25;0.20;0.62;0.36;0.43;3;0;3;3;3;;17.05.2015 15:42;17.05.2015 16:53;28.05.2015 16:50;28.05.2015 16:59;3.00;3.00
RUhVSs;1;21;1;6;0;Staatsexamen;6;2;1;2;2.75;1.0;1.0;1.0;1.0;0.00;0.21;1.00;0.08;0.33;0.08;0.33;3;2;4;2;4;Ich habe ehrlich gesagt, dass Feedback nicht hilfreich gefunden und hoffe, die Aufgabe auch so richtig gelöst zu haben.;14.05.2015 13:31;14.05.2015 13:39;02.06.2015 07:10;02.06.2015 07:12;3.25;3.25
SKUIUM;1;22;1;6;1;Staatsexamen;6;0;0;1;1.75;1.0;1.0;2.0;2.0;0.00;0.24;1.50;0.11;0.31;0.25;0.31;3;0;2;2;3;;18.05.2015 15:01;18.05.2015 15:11;31.05.2015 12:21;31.05.2015 12:22;2.50;2.50
sxdAit;0;22;1;6;1;Staatsexamen;6;2;0;2;2.25;2.0;2.0;0.5;0.5;0.00;0.26;1.25;0.20;0.30;0.24;0.30;3;0;3;3;3;Die Nennung wie viele Konzepte in dem Text vorhanden sind ist verwirrend;14.05.2015 17:38;14.05.2015 18:34;29.05.2015 13:19;29.05.2015 13:25;3.00;3.00
xWlWmb;1;24;1;8;0;Staatsexamen;6;2;0;0;2.25;3.5;3.5;1.0;0.5;0.00;0.08;2.13;0.10;0.05;0.10;0.05;3;0;3;3;3;Bei mir waren einfach nur die Wörter meiner Abhandlung untereinander aufgelistet. Es gab keine weitere Spalte. Deshalb war ich mir jetzt nicht sicher, ob ich die Anforderung erfüllt habe. Vielleicht könnte man das Feedback in Form von Smileys oder durch eine andere Farbe wie rot oder so makieren.;12.05.2015 16:08;12.05.2015 16:19;19.05.2015 15:09;19.05.2015 15:10;3.00;3.00
ynzzHo;1;23;1;7;0;Staatsexamen;6;1;0;1;2.50;2.5;2.5;1.0;0.5;0.00;0.32;1.63;0.20;0.35;0.44;0.31;3;0;4;3;4;Die Schlüsselwörter kann ich selber aus meinem Text identifizieren. Dazu brauche ich keine elektronische Maschine.Doch die Kohärenzbrüche waren mir durch Auflistung der prägnantesten Wörter nicht wirklicichtlich ersichtlich.;18.05.2015 23:42;19.05.2015 01:02;01.06.2015 14:28;01.06.2015 14:31;3.50;3.50
cLsjnl;2;24;1;8;1;Staatsexamen;8;1;0;0;2.50;3.0;2.5;0.5;0.5;0.50;0.39;1.63;0.27;0.42;0.47;0.42;3;1;3;3;2;;17.05.2015 14:29;17.05.2015 15:10;23.05.2015 14:46;23.05.2015 14:49;2.75;2.75
FnFPRf;0;33;1;8;0;Staatsexamen;8;2;0;2;2.25;1.0;1.0;2.0;1.5;0.00;0.25;1.38;0.30;0.21;0.25;0.23;3;0;3;3;3;Das Feedback war zu knapp.;18.05.2015 22:26;19.05.2015 07:36;30.05.2015 11:02;02.06.2015 07:54;3.00;3.00
vXkxjr;1;23;1;8;1;Staatsexamen;8;2;0;2;2.50;1.5;1.5;2.0;1.5;0.00;0.08;1.63;0.07;0.08;0.08;0.09;3;1;3;3;3;;15.05.2015 10:15;15.05.2015 10:28;31.05.2015 17:10;31.05.2015 17:12;3.00;3.00
WEJiKa;2;22;1;8;0;Staatsexamen;8;1;0;1;2.25;2.0;2.0;1.0;1.0;0.00;0.23;1.50;0.07;0.23;0.07;0.54;3;0;3;3;3;;18.05.2015 12:28;18.05.2015 12:31;31.05.2015 18:47;31.05.2015 19:20;3.00;3.00
fZijme;0;26;0;11;0;Staatsexamen;9;2;1;1;2.50;2.5;2.5;0.5;0.5;0.00;0.26;1.50;0.21;0.20;0.43;0.20;3;1;3;3;3;;15.05.2015 10:49;15.05.2015 11:16;22.05.2015 13:46;22.05.2015 13:57;3.00;3.00
pzTdzb;1;25;0;11;0;Staatsexamen;9;2;0;2;3.00;2.5;2.5;1.0;1.0;0.00;0.22;1.75;0.20;0.23;0.20;0.23;3;2;3;4;3;Der Aufgabentext ist nicht sehr klar.;18.05.2015 11:19;18.05.2015 11:21;31.05.2015 20:18;31.05.2015 20:18;3.25;3.25
VvDOBT;2;26;1;14;1;Staatsexamen;9;1;0;1;2.25;1.0;1.0;1.5;1.0;0.00;0.20;1.13;0.08;0.23;0.11;0.38;3;0;3;3;3;"Ich hatte zum Beispiel keine einzelnen Wörter ohne Verbindung, also ohne Kohärenzbrüche, was soll ich dann genau verbessern? Das ""feedback"" gibt keine Angabe darüber was schlecht, bzw was gut ist an dem Text. Ein Mindmap mit den Gesichtspunkten halte ich für kein wirkliches feedback.";13.05.2015 14:44;18.05.2015 07:30;31.05.2015 18:39;31.05.2015 18:52;3.00;3.00
jxFQml;0;25;0;12;1;Staatsexamen;10;1;1;2;2.50;1.5;2.0;0.5;0.5;-0.50;0.37;1.13;0.43;0.33;0.38;0.33;3;1;3;3;3;Markierung der Brüche im Text wäre sehr hilfreich.;18.05.2015 09:19;18.05.2015 09:22;31.05.2015 15:23;31.05.2015 15:24;3.00;3.00
mZYEjQ;1;27;0;15;0;Staatsexamen;2;0;0;2;3.25;2.5;2.5;1.0;1.0;0.00;0.07;1.75;0.07;0.07;0.07;0.07;4;1;4;4;1;Ich konnte dem Feedback nicht entnehmen, ob ich die Konzepte vollständig behandelt habe. Lediglich war zu erkennen, dass ( so meine Interpretation da nur eine Liste angezeigt wurde) keine Kohärenzbrüche gegeben waren. Es war mir jedoch nicht möglich zu erkennen, was genau ich an meinem Text nun hätte überarbeiten können - obwohl ich das sehr gerne gewusst und getan hätte!;17.05.2015 09:01;17.05.2015 09:21;01.06.2015 09:02;01.06.2015 09:22;3.25;3.25
BaYddq;1;20;1;2;0;Staatsexamen;2;0;0;1;3.25;2.0;2.0;3.5;3.5;0.00;0.24;2.75;0.33;0.15;0.33;0.15;4;1;4;4;3;;18.05.2015 14:05;18.05.2015 14:15;01.06.2015 14:30;01.06.2015 14:32;3.75;3.75
GZdcEZ;1;21;1;2;0;Staatsexamen;2;0;0;0;3.00;1.5;1.5;1.0;1.0;0.00;0.23;1.25;0.17;0.25;0.25;0.25;4;2;3;3;3;;15.05.2015 12:43;15.05.2015 12:56;26.05.2015 11:01;26.05.2015 11:05;3.25;3.25
mIfHEZ;1;20;1;2;0;Staatsexamen;2;1;1;1;3.00;0.0;0.0;0.5;0.5;0.00;0.19;0.25;0.13;0.18;0.13;0.33;4;0;4;4;4;Das Feedback hat die Stichpunkte aufgezeigt, die ich als Inhalt für meine Erklärung aufzeigen wollte.Das Feedback hat mir meinen geschriebenen und gewünschten Inhalt angezeigt, so dass ich nciht wusste wie genau ich die Punkte, die ich nennen möchte verbessern sollte.;14.05.2015 16:03;14.05.2015 16:08;27.05.2015 16:10;27.05.2015 16:16;4.00;4.00
MZJJiG;0;19;1;2;0;Staatsexamen;2;0;0;0;3.50;3.0;3.0;1.0;1.0;0.00;0.34;2.00;0.15;0.50;0.20;0.50;4;2;4;4;4;Ich finde das Feedback nicht sehr hilfreich, da es nur etwas zu der Anzahl der Konzepte und der Koheränzbrüche aussagt. Da man aber nicht weiß, wo die Brüche sich befinden, ist es sehr schwer den Text nochmal zu überarbeiten. Persönlich fände ich es besser, wenn das Feedback länger und klarer wäre. So konnte ich leider nicht viel mit anfangen.;16.05.2015 17:48;16.05.2015 17:51;25.05.2015 15:07;25.05.2015 15:20;4.00;4.00
qOUOYS;1;18;1;2;0;Staatsexamen;2;2;0;0;3.00;4.0;4.0;2.0;1.0;0.00;0.13;2.75;0.08;0.08;0.25;0.08;4;0;4;4;4;Die Erklärung, wie mit dem Feedback umzugehen ist, habe ich nicht verstanden.Ein Beispiel hätte mir weitergeholfen oder eine kurze Erklärung in der Vorlesung. mit der Möglichkeit Fragen zu stellen.;18.05.2015 17:06;18.05.2015 17:30;02.06.2015 15:54;02.06.2015 15:56;4.00;4.00
yHsrhH;2;22;1;4;0;Staatsexamen;2;2;0;1;3.00;2.0;2.0;0.5;0.5;0.00;0.09;1.25;0.05;0.12;0.06;0.12;4;0;4;4;4;Das Feedback hat mir leider überhaupt nicht geholfen. Ich wusste danach genauso viel wie zuvor. Ich hatte mir von dem Feedback erhofft, dass ich erfahre, welcher Wissensstand von mir erwartet wird und wieviel ich davon erreicht habe. Die Idee mit dem Diagramm hat mir gefallen, allerdings wusste ich nicht welche Begriffe noch wichtig gewesen wären oder welche ich genauer in Bezug bringen sollte. Zu meinem Erklär- bzw Formulierungsstil stand gar nichts im Feedback, weshalb ich auch daran nichts verändern bzw bearbeiten konnte. Ich denke für ein Feedback ist es sinnvoller, eine kurze Antwort in ganzen Sätzen zu schreiben, auch da ich von Komilltonen erfahren habe, dass diese mit ihrem Feedback ebenso wenig wie ich anfangen konnten. Aufgefallen ist mir einzig und alleine, dass diese Software wirklich sehr gut ist und es einfach sowie übersichtlich ist mit dieser zu arbeiten.;14.05.2015 17:14;18.05.2015 18:11;24.05.2015 14:22;24.05.2015 14:24;4.00;4.00
akIlpW;1;22;1;4;0;Staatsexamen;4;1;0;2;3.75;1.0;1.0;2.5;2.5;0.00;0.29;1.75;0.18;0.33;0.18;0.44;4;3;4;4;4;Ich hab das Feedback leider nicht verstanden. Weder das, noch die Erklärung dazu. Die Spalten stellen Kohärenzbrüche dar? Leider konnte ich meinen Text nicht wirklich überarbeiten, da ich aus dem Feedback keine sinnvollen Schlüsse ziehen konnte.;18.05.2015 13:13;18.05.2015 13:19;01.06.2015 10:09;01.06.2015 10:12;4.00;4.00
cPTJEb;1;26;1;15;0;Staatsexamen;4;1;0;2;4.00;3.0;3.0;2.5;2.5;0.00;0.22;2.75;0.25;0.18;0.20;0.25;4;4;4;4;4;Das erste Problem war, dass 'Kohärenzbruch' für mich ein Fremdwort ist, nach dessen Bedeutung ich im Internet suchen musste.Weiterhin ist mir nicht klar, inwiefern das Herausschreiben aller Nomen in meinem Text (ohne Rücksicht auf den Kontext) mir helfen soll Mängel im Text zu erkennen und zu verbessern. Mein ursprünglicher Text hatte ein Feedback von zwei Spalten. In der einen waren Wörter wie Erklärung und Untherthema, in dem anderen Erklären und Thema. Mir ist nicht klar, worin da der Kohärenzbruch besteht. Meiner Ansicht nach habe ich den Text nach dem Feedback eher verschlechtert.;17.05.2015 18:42;18.05.2015 07:46;01.06.2015 11:06;01.06.2015 11:15;4.00;4.00
GWinlj;0;23;1;4;1;Staatsexamen;4;2;1;2;3.00;1.0;1.0;1.0;1.0;0.00;0.21;1.00;0.33;0.09;0.33;0.09;4;0;4;4;4;Ich fand das Feedback nahezu unbrauchbar, da man nie wusste auf was Bezug genommen wird und auch die angegebenen Zahlen unrealistisch schienen. Bei meinem Text war die Sprache von 41 Konzepten??;18.05.2015 13:24;18.05.2015 13:29;01.06.2015 04:59;01.06.2015 05:00;4.00;4.00
hIpOqI;1;22;1;4;0;Staatsexamen;4;1;0;2;3.25;2.5;2.5;1.5;1.5;0.00;0.26;2.00;0.30;0.22;0.30;0.22;4;1;4;4;4;Das Feedback ist meiner Meinung nach nicht vernünftig aufgebaut. Stickpunkte in Listen zu nennen, ist nicht hilfreich um zu verstehen was man verbessern sollte. Auch ist die Zusammenstellung der Listen nicht verständlich und wirft mehr Fragen auf, als das es hilfreich ist.;17.05.2015 08:20;17.05.2015 08:34;01.06.2015 13:12;01.06.2015 13:12;4.00;4.00
mzKeWU;2;21;1;6;0;Staatsexamen;4;1;0;0;3.25;3.5;3.5;0.5;0.5;0.00;0.58;2.00;0.43;0.73;0.43;0.73;4;1;4;4;4;Die in der Concept Map aufgezeigten Wörter haben mir leider nicht geholfen die Erklärung zu verbessern. Mir wurde nicht ersichtlich, wie diese ausgewählt wurden und es fehlte mir somit der Zusammenhang.;14.05.2015 17:37;14.05.2015 17:44;20.05.2015 22:09;20.05.2015 22:10;4.00;4.00
zKuXWr;1;21;1;4;0;Staatsexamen;4;1;1;1;3.00;1.5;1.5;1.0;1.0;0.00;0.15;1.25;0.04;0.14;0.20;0.21;4;0;4;4;4;"Ich finde es sehr kritisch, den Studenten eine computergenerierte Liste von Wörtern mit einer kryptischen Erklärung hinzuwerfen und das dann ""Feedback"" zu nennen. Dieses ""Feedback"" hat mir in keinster Weise geholfen, zu erkennen, wo was verbessert werden sollte. Ungefähr die Hälfte der Wörter hatte ich verwendet, die andere Hälfte nicht - was hätte mir das also sagen sollen? Ich habe absolut keine Ahnung, ob meine abgeschickte endfassung auch nur in die richtige Richtung geht und das liegt an der wirklich schlecht erklärten Feedbackweise. In einem Schulpädagogikseminar hätte ich da etwas besser Verständliches erwartet.";14.05.2015 14:22;14.05.2015 17:22;20.05.2015 20:41;20.05.2015 20:44;4.00;4.00
Skdlhk;0;22;0;6;0;Staatsexamen;6;0;0;0;3.00;1.0;1.0;1.5;1.5;0.00;0.16;1.25;0.25;0.07;0.23;0.07;4;0;4;4;4;Keine konstruktive Kritik bzw. Hilfestellung durch fehlende Verweise im Text und keine nähergehende Ausführung zu Fehlerquellen.;12.05.2015 16:15;17.05.2015 13:12;19.05.2015 20:00;19.05.2015 20:05;4.00;4.00
HVHyYc;0;24;1;10;0;Staatsexamen;7;1;0;0;4.00;2.5;2.5;1.5;1.0;0.00;0.24;1.88;0.36;0.10;0.38;0.10;4;4;4;4;4;Ich hatte leider gar keine Ahnung, was mit dem Feedback gemeint war. mir ist es eher nicht gelungen, Kohärenzbrüche zu identifizieren. Ich habe nicht verstanden, was von mir erwartet wurde.;14.05.2015 17:57;17.05.2015 15:55;19.05.2015 23:11;19.05.2015 23:12;4.00;4.00
McgncY;0;23;1;8;1;Staatsexamen;8;2;0;2;4.00;1.0;1.0;2.5;2.0;0.00;0.29;1.63;0.24;0.35;0.24;0.35;4;4;4;4;4;Schwer: Ich vertraue nicht auf individuelles aber automatisiertes Feedback. Das ist nicht angemessen. Ich habe also nur auf Elemente in meinem Text geachtet, die 4x auftreten. Das waren Absätze. Ich habe diese aber nur entfernt wegen des Feedbacks, nicht aus eigener Überzeugung. An sich finde ich, ist es quatsch, maschinelles Feedback zu bekommen.;18.05.2015 17:30;18.05.2015 17:43;01.06.2015 22:59;01.06.2015 23:01;4.00;4.00
FvFTcS;2;25;1;10;1;Staatsexamen;9;1;1;0;3.50;3.0;1.0;2.0;2.0;2.00;0.20;2.00;0.15;0.18;0.23;0.22;4;2;4;4;4;;12.05.2015 15:15;12.05.2015 15:23;19.05.2015 14:55;19.05.2015 14:59;4.00;4.00
